Fecha,Hora,Latitud,Longitud,PM2.5,PM10,CO2,Velocidad_Viento,Direccion_Viento,Temperatura,Estabilidad,Altura_Fuente
2024-01-01,00:00:00,4.580669387399388,-74.1570074671586,12.959207762506914,123.41635409559612,541.2346661009542,4.113169477694946,12.218965781161991,25.604940601108176,B,50.98036968124011
2024-01-01,01:00:00,4.630771979329964,-74.14483560596499,59.68399171338992,159.68846494660022,511.8706623273181,4.369279349796112,132.77860794959466,11.295602100737838,D,47.67390053431976
2024-01-01,02:00:00,4.5155076581097315,-74.09959379252079,87.56911471245404,164.1514042029615,435.27164148758357,3.8972196191756097,24.438804567592815,27.50369894075773,A,45.61653749857234
2024-01-01,03:00:00,4.672585970144828,-74.18180125824033,73.59102220601198,191.9461001129932,551.7186306577261,3.4216729233572125,55.5391012262779,21.004071184083955,E,21.92399577432503
2024-01-01,04:00:00,4.646774740933551,-74.19417788811374,137.28220766213286,125.08360095028786,464.2810206417556,0.8334263548849208,68.60903236793536,28.447479873950137,B,91.16924287559715
2024-01-01,05:00:00,4.554236086539772,-74.09549897201737,35.09335464328168,106.93815152477258,597.4987427881335,2.656311215287378,157.86434344933596,28.552455634233738,E,49.32856487027713
2024-01-01,06:00:00,4.6954231867765355,-74.1744575255843,149.2756181113043,50.03159021053576,492.7570151994943,3.1702072933853276,162.6335181858165,18.9256266759908,C,38.20783657637766
2024-01-01,07:00:00,4.572788804875525,-74.1614394953376,81.19376963839605,124.43979159683231,582.9405698953565,2.0052786383203456,184.39875533235542,13.009805647277759,F,41.426853842727056
2024-01-01,08:00:00,4.605918460926493,-74.16369816650585,70.3490245092783,78.48582322967339,357.2055480309887,2.4234604377035733,182.713878515205,18.59079740043495,B,71.85708081913424
2024-01-01,09:00:00,4.634278070210201,-74.07028896303358,53.6305746678986,152.73002483927735,567.3585017727701,4.8256825106524985,323.3617674125728,16.35928483588259,A,49.87320238232131
2024-01-01,10:00:00,4.657929746471109,-74.12340168376423,22.060335542612883,93.58906669028421,399.9948601732307,1.0464024366952631,263.448479689516,11.083864462646726,B,26.90024250857904
2024-01-01,11:00:00,4.552623940866004,-74.1607672990583,108.67811969753801,89.78399082694423,419.0302543271895,2.1369629388389635,348.0100659553864,14.947236352868245,A,35.4738594311318
2024-01-01,12:00:00,4.539362032839512,-74.072468551414,21.077634169986666,68.5957513816408,365.17719748132924,2.9421191895901213,336.5440922982015,20.77798397018517,F,82.72425978312612
2024-01-01,13:00:00,4.543921352505381,-74.15581848139759,23.36688428220803,158.08628214315996,500.5616682704749,3.7286411371070485,59.36151602619673,25.11540694528837,F,35.96165309963278
2024-01-01,14:00:00,4.668678249786239,-74.17480155871122,70.29074316340034,130.86960446549364,549.310157555592,0.935543668380391,117.52489214240924,18.254386499981038,E,11.608635224655039
2024-01-01,15:00:00,4.599697591275692,-74.03982630634734,39.230495710923584,112.54953851008304,390.0586002256607,3.3759760054853105,99.98113903223953,15.3340419008228,B,69.92484279790699
2024-01-01,16:00:00,4.617919498850684,-74.09266314646415,48.6576446865152,155.0164261344463,431.8698310486752,3.858560252527332,189.40087116191816,12.544352475900789,E,67.54023698839569
2024-01-01,17:00:00,4.633380602632715,-74.19686957305849,144.31460658987314,87.18401148323034,434.36444143477803,3.037851500320067,341.2932812754271,20.99914826699535,B,15.827411973531294
2024-01-01,18:00:00,4.516763002449845,-74.19212133277946,50.7211263268498,53.681240725872186,494.35243210841253,3.7116258341390327,15.140622435923348,14.317797367220946,C,48.33406142926445
2024-01-01,19:00:00,4.558300706142565,-74.02522705676925,84.92103085768053,118.06233507849649,359.7357520983084,1.4776509862127098,6.798394492879014,13.412995719036992,C,43.48355106593914
2024-01-01,20:00:00,4.554113490609645,-74.1763940367492,11.05856427388159,121.45880335039216,548.3633108420622,0.5707530893017972,310.93944085714566,10.91724741555694,C,46.126622694331715
2024-01-01,21:00:00,4.641728466797132,-74.15929799810168,122.03684758117578,106.9552553910101,526.1651997994576,3.117542321106916,143.68133752247968,23.419848882226102,E,33.53189066751615
2024-01-01,22:00:00,4.518504470409733,-74.0661674934228,24.86649789952255,57.853403463585224,550.2416223290932,3.581733408530408,76.79585139108897,25.63837593216197,A,54.33468507629165
2024-01-01,23:00:00,4.612267032556964,-74.0835739511536,140.18655755332557,145.77307718820322,374.78985349990904,1.1666470275677985,46.7841348669798,24.78452935351753,F,33.9380176677699
2024-01-02,00:00:00,4.52728352051752,-74.16773030536554,132.04034131917507,65.54206422360215,543.2724322961568,3.2426451202277438,123.20638219706031,22.27062420091147,F,87.11791131929415
2024-01-02,01:00:00,4.53644082334482,-74.15764733563971,124.78481813062098,37.43419375345398,570.4609814486496,4.347979336250404,185.92117210025802,19.63138321546375,F,92.5130155760055
2024-01-02,02:00:00,4.50455890453765,-74.1311630641836,104.90985221681535,100.22545616014473,503.91335408250546,3.979944986081512,45.97454339075526,19.567333589348156,E,29.05044038913517
2024-01-02,03:00:00,4.668760117934863,-74.00736503682798,53.278133827285885,86.33827061501212,500.1087455230776,2.392421260063724,122.5963794251106,21.97532935986784,F,47.591322371539285
2024-01-02,04:00:00,4.508016956952559,-74.08254271422462,27.072441384121262,114.2795786131788,469.27717233130454,1.8384820197915837,148.48759013340364,14.503705132668792,D,38.59383316525154
2024-01-02,05:00:00,4.54041587033456,-74.02003009430513,107.44466872152047,186.2919352631091,372.11444005578994,0.8218316316074228,79.23896010621026,29.233888212449067,F,57.53344765398309
2024-01-02,06:00:00,4.593590530354789,-74.19337264406091,11.53125901991594,102.63887389323862,508.1236993111918,3.6033652425415386,220.4712599345093,16.948392858607967,E,78.3273916389348
2024-01-02,07:00:00,4.521809608700599,-74.1765665270545,118.46749294232787,89.86714042952369,396.89281023128837,0.6682701250849512,294.48752802388555,18.833857822468183,D,37.1435206328719
2024-01-02,08:00:00,4.6702425201834,-74.11736662515844,57.83496713379803,40.42723079106892,490.57624417752663,2.5673446650203045,222.2177847954423,23.5659061823689,C,81.4362527921418
2024-01-02,09:00:00,4.679213822781033,-74.10562821167252,78.51305796118582,199.9175034044218,508.19236380790073,3.0301910293794485,200.53231901442405,24.114627000594904,F,82.04216753387938
2024-01-02,10:00:00,4.574097810356177,-74.05255211196005,133.38565514287876,79.72408242727829,553.5144235410262,2.3100585362776833,33.3455221541246,20.288716691906565,B,15.676891903026549
2024-01-02,11:00:00,4.552314017384022,-74.19380249696154,102.64734374477415,122.0493381201036,444.7698258312497,4.47036556488968,204.9582653248561,12.173326201918082,A,16.670525147557022
2024-01-02,12:00:00,4.696524121996338,-74.11877033800562,86.90827070994335,155.6240795192117,479.23360297916463,2.597827667916202,114.68494713349071,22.366110189225154,E,80.7557487871411
2024-01-02,13:00:00,4.56588415755906,-74.0464355499288,147.27221333444308,38.88560727576997,570.0819208562382,2.9520122043923664,117.48551931810604,10.319879557297043,B,13.54789593165589
2024-01-02,14:00:00,4.551663566771657,-74.10508468650274,133.29335058390294,98.45545625470109,377.4918544811475,3.436636291678299,314.81334348334144,11.854595187990824,D,33.23390201961014
2024-01-02,15:00:00,4.652150632310618,-74.01581192065045,10.186089134507814,109.47508121027198,416.4688144292846,3.753784281851091,38.051131876664186,24.275545553382244,D,54.682056817879776
2024-01-02,16:00:00,4.560626271893188,-74.00958364624388,70.16695510785071,120.81634309402406,507.2614175514502,3.4783741025018955,339.4565687331149,23.26762002440524,D,52.650226165072894
2024-01-02,17:00:00,4.543715746427663,-74.17253936604405,42.07089511224058,188.83049323538933,406.8358709712135,0.690588861785441,179.31933057100463,21.442651913689655,E,49.426587655399494
2024-01-02,18:00:00,4.600795584565676,-74.06311795376476,130.87271752067892,64.41660035780784,492.3302836159762,4.696538987114762,253.13947678614718,15.59993506693016,D,38.67606184367291
2024-01-02,19:00:00,4.6036876869681285,-74.10564082243813,16.72788803420846,178.2560172343145,407.5680550534713,2.286804162159297,231.03803527281946,10.076285123637916,A,67.21707913979421
2024-01-02,20:00:00,4.551092807237135,-74.04405443734495,97.09882150371276,171.68470220340842,383.4818306441564,4.7294229210604515,159.50888178846094,25.466228822133026,F,97.68337011142263
2024-01-02,21:00:00,4.527698407249296,-74.0959435985802,54.593773525826265,181.52146155020012,596.2213778085246,4.692111634698047,16.95293242441862,22.58540283843898,A,92.66453694906608
2024-01-02,22:00:00,4.531334434459606,-74.06765428116704,58.62538620337759,179.90658561080107,453.83821326709005,2.7108065189057324,325.3439983849665,20.3262841824068,B,50.93318559879795
2024-01-02,23:00:00,4.699877732951107,-74.1416473570822,56.98521447701109,178.40845860485737,461.07580482319446,1.2587105404951835,152.44418712874827,21.085381631922615,B,26.147577430361782
2024-01-03,00:00:00,4.635547481686969,-74.07155035592247,70.19162956372081,167.39728387548587,433.9905551927478,3.026784618537089,236.11624938368792,10.198711473714287,A,14.860219850440947
2024-01-03,01:00:00,4.575787479604026,-74.04780085525687,107.06969859992545,165.3303102932164,407.56897267823206,4.959566185792825,49.65992583075173,18.13260163824553,A,81.16030749563564
2024-01-03,02:00:00,4.674200582003932,-74.08422684659513,91.37228315414838,129.3817642753139,399.4967629801216,3.397140681646697,16.244420519261517,24.14733049093968,B,46.200738786044745
2024-01-03,03:00:00,4.509786864472868,-74.14702572437857,66.2616562196778,159.33330047177984,550.9834710614873,3.6473846036955537,333.63271270922763,26.733328429629594,E,96.93271958000832
2024-01-03,04:00:00,4.519611439665958,-74.15484797075308,111.03560223348428,78.81668963404351,426.9999654727093,2.4520627709111382,297.28207227882075,13.138154897413084,A,92.79439153090338
2024-01-03,05:00:00,4.617551309020975,-74.0206765914536,105.76849525507834,173.5926419913644,576.2057065745582,1.20484393422182,234.58114419303178,22.515447506958065,D,31.656224797132634
2024-01-03,06:00:00,4.533288781602444,-74.16551476933782,19.678295637894333,38.169459558367166,455.960217288373,2.081054136833961,345.93739473466826,22.46873222345959,A,49.177021712909315
2024-01-03,07:00:00,4.676176444535439,-74.00164756041009,97.65334884589257,60.538102831243464,395.8255652749929,4.220852905969152,288.3562700610921,21.606609677171697,A,26.900660939701723
2024-01-03,08:00:00,4.518228896616416,-74.07595672757546,139.49477068152734,24.77275385782781,361.9215948019504,2.4788065829659653,121.73080837985013,22.484896357772378,A,40.124157298345494
2024-01-03,09:00:00,4.619835443733804,-74.16311633207891,71.99888276181794,40.279875292232674,417.2585804042633,4.489998783284225,68.32736319077028,11.050428665624528,D,75.78515930462109
2024-01-03,10:00:00,4.523677337718088,-74.1722306518271,92.51835719193373,26.111606184808675,399.8819524394674,1.5071148992657506,309.7217103105885,12.256202043811506,A,86.04433534870232
2024-01-03,11:00:00,4.660117307865381,-74.19118391866374,63.1264915207441,23.479072593964688,597.6264434406093,1.5157397261090741,172.12864693578965,21.059293042155517,B,47.74982050421087
2024-01-03,12:00:00,4.695124324283275,-74.14794948108646,23.052475179905088,132.07554412457466,583.1892381143289,4.769629380750677,293.255443574986,17.294186733337185,B,43.75091093883876
2024-01-03,13:00:00,4.690629640527918,-74.18616321841002,132.81323241806533,79.24889107053312,423.0027821758148,4.9624498631664835,220.8204331338051,13.275265975726022,F,48.97739869621708
2024-01-03,14:00:00,4.6362288585065174,-74.14488339564616,11.73572621742781,147.04334471207358,368.84829135976594,4.774800795606742,245.90803604622144,13.051325178344674,D,41.37463144174696
2024-01-03,15:00:00,4.68281997155052,-74.00269367186412,110.65049584784477,23.713007218044545,554.8552929172635,3.066166060173037,337.13778634389774,12.766047654477443,F,85.01072073548258
2024-01-03,16:00:00,4.6621977272797475,-74.0799516429022,10.206366464806017,149.77801740727344,596.3669012581366,1.443440843217248,277.15494386579206,10.926999961074255,F,67.37971409934646
2024-01-03,17:00:00,4.661867410250863,-74.07658782944917,60.10301276142133,54.25217611050755,405.37486439875414,2.0348068479752675,107.76134474564428,21.02573824329269,A,36.61353473913458
2024-01-03,18:00:00,4.577884056625939,-74.18115506117127,91.3677597550701,69.85012807779432,396.8141851840069,3.3921331057538175,298.5950919349318,21.690050864583913,F,15.147982325506995
2024-01-03,19:00:00,4.5356128742914645,-74.15801096472511,48.642652509840595,128.36062396021322,554.2839030899211,4.911432468707672,263.85853866315256,15.270310717658406,E,17.653366991950946
2024-01-03,20:00:00,4.574695776668261,-74.16711569232382,98.66520965289052,25.72733434014564,405.7223551441871,4.781509773995929,34.872155956529326,19.1112243256172,E,48.66182568559732
2024-01-03,21:00:00,4.613383080733976,-74.03478141474928,46.07415228429544,185.59129174132647,588.1266369692531,4.049478310949777,85.58844965467637,27.378947879971456,B,52.45946833868241
2024-01-03,22:00:00,4.692385798905607,-74.08616162588524,82.27296532899203,46.10330034773119,571.0412402590279,2.9372637982894023,73.91730482161522,16.762184820832623,E,79.66422751794113
2024-01-03,23:00:00,4.677265620183529,-74.19843245143603,64.77101021997404,128.9556649407114,459.41445965931234,2.480135585484701,144.57175369929172,29.514551224081377,E,49.16829375138812
2024-01-04,00:00:00,4.629335611456224,-74.144205151398,114.69113613091368,44.498305321246406,555.9245932522883,2.44104058453789,227.51599809038638,25.526189813703148,A,45.40864220617049
2024-01-04,01:00:00,4.547714235616094,-74.06988214651516,109.18551311495256,38.028879156780775,460.0816488576567,3.476842795368232,205.16229825282252,28.652579990293333,B,19.1220563290735
2024-01-04,02:00:00,4.605621702275422,-74.01641309990325,124.80824149482876,97.118225539019,487.04113455257703,1.4535984599153484,226.52266314623878,17.125492229677484,A,68.07522725213497
2024-01-04,03:00:00,4.588232556215634,-74.04784175897863,27.720220922357797,127.37916383951644,520.2671154217402,2.213332330087227,130.68454484853547,26.50490236323246,B,52.55456966955203
2024-01-04,04:00:00,4.612108485629915,-74.12105406132699,21.03200337743226,25.856969560425078,562.5207893603962,3.0125778575627944,209.65541644142166,13.206665745050328,E,30.406794395318187
2024-01-04,05:00:00,4.563603556005274,-74.04520952628064,11.834630016945713,198.70013259178936,543.7086502884194,0.510326549879291,76.93116896468172,23.32475547035675,C,15.050308429432484
2024-01-04,06:00:00,4.517192935680129,-74.01253100020588,21.493385863672057,40.26916076635916,421.23036304176605,4.417527203375407,216.9027665767967,13.264010095817243,B,79.63238783625228
2024-01-04,07:00:00,4.583366525977303,-74.05165800270522,120.05064226886923,121.49913635533142,426.37929336889545,3.059068614891091,33.01107899481744,14.641857475832389,C,66.6146222198291
2024-01-04,08:00:00,4.574955476054111,-74.04287614119151,16.911778695854693,77.4957243295064,588.0036892487145,4.601152692763179,180.28662951309965,17.906567925857004,B,77.32928150688912
2024-01-04,09:00:00,4.630478811787027,-74.02491967988787,105.13621437538848,37.45568323595144,408.16086735563664,1.07983955368217,71.02067409715629,26.2388242355928,F,47.269759502412164
2024-01-04,10:00:00,4.52274481801621,-74.08740679478659,125.58281846753675,157.24355640178854,582.1542904061112,1.2387205480292354,355.50028092135506,11.283722422425233,E,57.26751281712771
2024-01-04,11:00:00,4.687288035138948,-74.12369346246734,74.40559209768945,54.643612494574036,554.484337559383,1.4457053027504023,239.08819312777916,28.641610130744784,A,13.962589089666194
2024-01-04,12:00:00,4.51704646115069,-74.00135734117069,33.87632666410721,58.81183646372069,485.6894026224534,2.74303760800476,200.6974765038377,22.86126642620259,D,64.7151789636105
2024-01-04,13:00:00,4.552537915427004,-74.18604628958349,48.903209086016965,163.67856958047565,491.9362718185938,4.547043636181439,109.31115740549885,18.188317533492558,B,49.458511277206476
2024-01-04,14:00:00,4.61628157437919,-74.04060758010523,131.8753747963022,62.60312197643596,438.66913016268103,2.532387141263654,13.343782539517628,22.91665233925414,D,71.48279169732487
2024-01-04,15:00:00,4.639355067877205,-74.17384868335512,13.891430174860899,116.72971893081727,516.7688517863442,0.8108956315666049,292.9660721004917,18.075999524702116,C,30.259756890883494
2024-01-04,16:00:00,4.6736056524086536,-74.09046217385053,139.34957575932825,180.00376652363164,595.6197560543903,2.3181695413584604,186.70998403688085,29.012289040566422,D,48.23368332352846
2024-01-04,17:00:00,4.521774212838609,-74.10735539126851,20.028032622338806,189.43794572141852,476.7416123413351,2.2486993725281836,21.985184417537663,18.39699800772849,C,71.4821976269862
2024-01-04,18:00:00,4.536275649920108,-74.14025567067522,131.2959053087964,133.70381221747664,467.29567041525866,2.8589752448344563,337.96208490163764,15.712842181426883,D,86.8401376918073
2024-01-04,19:00:00,4.590075997559764,-74.16799084755523,64.40475440975123,174.26548300138126,355.52704944753185,1.1379309925977186,193.88409074035957,22.339321024083524,F,19.911499856111053
2024-01-04,20:00:00,4.507130310502625,-74.05470838490908,130.72964861576577,87.33634242937647,592.2063114705114,0.581583940125779,240.62255712160223,19.55659678550642,E,90.6078323204518
2024-01-04,21:00:00,4.608142843165516,-74.05385361236833,73.81425840071026,138.85117316815663,502.0596603980272,2.2692324302998843,353.53043360272136,25.33657691079396,A,36.96717130076384
2024-01-04,22:00:00,4.646874071560974,-74.04621975539462,71.08379138527377,112.20633248995138,356.62441132176207,4.072989236273363,252.33572731072746,20.931670965313227,E,64.35089911425985
2024-01-04,23:00:00,4.527877367545404,-74.10448479332007,96.62326412857861,152.16581493167686,383.1527759294211,2.8861849034851037,308.05711604468274,21.375814403236777,E,98.85523285915446
2024-01-05,00:00:00,4.604598932697353,-74.09569677296548,41.03451689600753,93.59738389598014,434.07673213962227,2.2468495836824927,123.34408882172528,29.482676792316425,C,59.50771571492712
2024-01-05,01:00:00,4.588480784218884,-74.09333729382055,33.8315970145974,30.24123833688909,481.259774703999,4.1867561437500616,199.10367711235995,26.583703817644395,E,68.28805680126507
2024-01-05,02:00:00,4.627088989476515,-74.05144602620446,24.550451045078905,54.872877897437824,497.824410536708,4.400725324741989,177.67798687156116,14.846874383399975,D,96.98672009500639
2024-01-05,03:00:00,4.664721249279344,-74.14185711273284,63.876910489943974,44.0576673485633,467.5330964827738,2.930560068648269,137.26352140796797,20.800694088672934,A,50.276363992363756
2024-01-05,04:00:00,4.59328404424773,-74.17923716997777,14.152771362163907,92.15576510602178,527.6220874295798,4.962032137198701,261.38543520595937,23.223310339136518,C,90.81339990921694
2024-01-05,05:00:00,4.519634924334948,-74.03769487125629,37.14603468024822,170.72838256265814,453.27332561388926,1.1735614695204384,337.99925401938594,13.579062077353559,B,74.69526677588522
2024-01-05,06:00:00,4.582189956696951,-74.18778900680154,32.84065794410516,132.18924548659984,359.6677470461317,3.295774193704369,187.39656485599858,14.91992785312135,D,30.83969167616928
2024-01-05,07:00:00,4.551644349888069,-74.18231862083535,146.8246283239946,192.20351406049812,473.4988024743942,1.0366071231120055,135.7572826230681,22.090102865391206,C,91.68248746269666
2024-01-05,08:00:00,4.541361457635527,-74.12898585249249,107.55839128261312,132.61499699129826,456.71401100322544,2.552975384217445,357.6252682870851,29.753133657570384,B,61.58994257269127
2024-01-05,09:00:00,4.620046688402672,-74.18020084577489,117.39226985588688,143.19360656237254,479.88637802625334,3.8723896757775114,277.8250236225697,24.566164518079894,F,93.12744459295968
2024-01-05,10:00:00,4.579668560207632,-74.07483231281553,123.00036654496601,70.63921817174287,506.88724314763806,3.9841627069770515,189.15949237616078,11.095779713005685,A,67.0390559434229
2024-01-05,11:00:00,4.512306090770379,-74.18997809704084,66.17068373864478,54.30459793619247,595.1138307022643,2.1272428572756867,158.6651944461895,12.857723443292171,B,54.47306886884145
2024-01-05,12:00:00,4.53000285466843,-74.06032213399958,62.0712674711848,51.979588623944174,402.3481357234587,3.5854100393697794,252.2657617156149,19.449272617716097,A,77.54697602940949
2024-01-05,13:00:00,4.551090676931246,-74.13404682699614,22.138908928809666,185.3522679316605,426.00347201797746,0.9678067991836212,36.241307486232884,24.798640482471782,E,24.33618022612059
2024-01-05,14:00:00,4.687422703935349,-74.04384303078234,110.16591045482724,21.74434529421006,506.42392475012974,1.323147652879678,12.078480723299116,24.603564512823255,A,39.440891162303245
2024-01-05,15:00:00,4.613330343225332,-74.03545936701896,39.34860550932357,115.96588575413114,433.4939336090591,2.3131521422769477,136.65722822538586,14.731187116124516,D,59.682259734184704
2024-01-05,16:00:00,4.509160771330605,-74.1700400479913,116.36499867353898,36.034772574333694,356.3486004055925,2.995431292895567,105.06867842568938,24.134239153830304,A,59.50675288666424
2024-01-05,17:00:00,4.5930030001050435,-74.07907321233509,137.56255517591876,174.69571272946658,456.42865584528647,2.498792950381192,214.47703630832547,19.009669795097075,F,58.19528851540286
2024-01-05,18:00:00,4.579110270656564,-74.03595114354071,119.78651528236385,47.573838030726954,357.36400332515825,1.08575342220775,357.94665366901955,14.790740097578187,E,93.65330169214572
2024-01-05,19:00:00,4.646595372201117,-74.02472661645692,24.39610223213147,51.592595229571984,506.7862770150608,4.854268648549238,61.80104170886991,12.11050489667497,B,59.247644695270296
2024-01-05,20:00:00,4.602412769627365,-74.09289347929575,131.29726474847274,109.41180276433856,523.7343998184417,4.3798032748095,177.42374900513363,27.548661415154484,E,50.45676333024434
2024-01-05,21:00:00,4.671056482322268,-74.17598939364251,17.804325590656322,140.73092935116492,410.35693696051766,0.7978629367992711,357.66328618171707,29.07873590575394,E,91.62710978944997
2024-01-05,22:00:00,4.522594296257359,-74.08616181124192,149.13660514121483,83.06265942621647,478.5126336513306,4.022816742643226,181.0498622906867,19.225809016024773,B,20.706849377573818
2024-01-05,23:00:00,4.659835431668075,-74.07956973480175,117.254362988386,47.560050748402375,376.36270318609667,4.724513275029508,240.4991150983363,28.362561964835344,B,68.80376694868266
2024-01-06,00:00:00,4.529186995648284,-74.11502822143667,92.95259051846756,41.77391259295406,386.70584695534563,1.090340567038036,199.02386890450546,18.322387737827025,B,70.86918246919922
2024-01-06,01:00:00,4.5988031802378675,-74.08393432104548,78.90826073230232,75.57001886597239,376.30877782676845,2.693374055421619,80.53398923014417,20.482665607110178,E,92.10483853713278
2024-01-06,02:00:00,4.6709165465107105,-74.16502688189684,79.88632010666818,65.2977927281158,419.9397940095804,2.3023940898840385,91.89771570476904,15.122993986933446,E,66.69486146818133
2024-01-06,03:00:00,4.505638470353689,-74.1550157999912,26.716251576803568,25.443093583174516,549.0341565369071,4.625541129171196,261.68628799908794,24.982451168147314,F,44.25923953434142
2024-01-06,04:00:00,4.568777944165782,-74.03773116752768,33.468658509422305,185.17315307145623,597.5554672078975,2.3187641256177303,116.49917669965161,20.97392951630438,D,96.04144543449769
2024-01-06,05:00:00,4.644524911371875,-74.02677705624733,59.25194362287947,105.53028992533368,420.62845241501714,3.5725913664999904,277.09509287474737,15.880017034000048,B,78.92397460831259
2024-01-06,06:00:00,4.697535713248976,-74.1216683399802,27.37332016586619,87.53998468923713,482.6308566759994,0.6250765618812414,257.78387456779075,17.929452564493424,F,14.15173312416476
2024-01-06,07:00:00,4.5996880765469035,-74.07387078783081,94.75031928288584,21.49622630370886,442.930406382727,3.9976667689027905,70.28679896956174,25.238939628743292,F,74.07329585162194
2024-01-06,08:00:00,4.686686059599513,-74.01145592823427,20.585535843900857,193.03408414869816,426.1430811920015,2.344695455653741,195.82012574976613,23.60421183380287,C,97.7676673411969
2024-01-06,09:00:00,4.570897782033964,-74.07967499986081,61.46903804888009,58.88031112343273,453.0211464074858,4.485620946458762,180.39294076829432,22.307914395248577,A,33.11131113217546
2024-01-06,10:00:00,4.5805046954572655,-74.19831269221895,100.32904461564921,146.79535569095663,487.88496692946694,1.286412003458241,171.28769955850487,26.172228580900196,E,53.51617449237408
2024-01-06,11:00:00,4.5036072590100495,-74.08041011563733,84.16062622867697,74.94338049278112,356.30088023948565,2.0981626465215086,328.4987685305123,26.068704031474784,E,64.53262094490694
2024-01-06,12:00:00,4.548597511942089,-74.00497268021667,20.276384446700558,44.83528736367643,460.96872383857965,3.0411545476865363,260.44926705358984,18.78202099901999,E,26.620334253478894
2024-01-06,13:00:00,4.5111970399513375,-74.16611309761574,39.031244653298096,68.98311556611937,441.3369759758316,3.8504236315466622,359.38673098427046,20.88135404275534,A,99.82605533152707
2024-01-06,14:00:00,4.6805547219129044,-74.18707008412471,124.4464171979948,181.3656083715559,418.698649782397,0.9417560978319262,294.03190032513686,26.065985086933104,E,15.465071288236995
2024-01-06,15:00:00,4.509944653907414,-74.13141014887363,123.96850218808768,132.2197972788756,540.3636196101486,1.795134137263751,338.1513955896288,18.393346871856302,A,89.55663078530866
2024-01-06,16:00:00,4.568067593175448,-74.1206572080949,95.63853713115863,140.38410118678468,368.3596707035161,3.772105093257922,191.21666963116306,14.222093350951484,F,14.750200410231194
2024-01-06,17:00:00,4.590203700126983,-74.15775713424095,108.19194094906055,50.670346734622925,391.3393180472838,0.9814587426261236,298.8622514139333,27.17538836250547,A,49.104148894756136
2024-01-06,18:00:00,4.541323779782337,-74.0314648870112,18.00075273796312,192.38658111595396,571.0815436248821,1.397062686800247,278.03234604535476,11.702419745461594,A,54.59525203698966
2024-01-06,19:00:00,4.675370941524029,-74.1981722939611,114.00948113552268,138.66162943238209,489.9431013933546,4.052538229967315,48.86943195406093,28.076769195998395,E,11.492285529951584
2024-01-06,20:00:00,4.690675042808437,-74.00067308797183,26.286593998760466,44.55392783290627,486.10302644092815,0.5666205281145119,274.82949463311877,26.11320182717836,D,23.84361354489361
2024-01-06,21:00:00,4.685592188136716,-74.05258833275833,76.6123712148762,116.22648092877917,436.1348334673163,1.978875264024366,299.16037679500505,29.546173895698466,D,37.335211127363934
2024-01-06,22:00:00,4.655344035825996,-74.15129654204051,22.617234892785323,100.19838822486615,355.9437229436863,1.9778456882595232,39.659024143217245,20.193374404242938,C,90.4718644052582
2024-01-06,23:00:00,4.686840692634344,-74.16445500240863,33.20585354298855,47.63785255184628,419.08545265048934,4.46621134045663,73.35924534297703,17.138947067257,A,22.094502515046788
2024-01-07,00:00:00,4.636006847448557,-74.19604593063198,75.93281736471292,198.69773757356424,478.38494049492436,3.4035724927754867,349.63753299811367,29.836954801314995,F,11.780742144263105
2024-01-07,01:00:00,4.531223783535572,-74.04109601524111,125.80271802207753,190.57990602764463,530.6852201856589,3.2715718539802023,37.5479043875571,18.268990516703145,D,32.18705742858182
2024-01-07,02:00:00,4.604455593290465,-74.08355162601742,54.125375041046865,132.45221329982184,445.4502350808843,4.715201113512193,0.5274116593556188,22.11920987126075,F,63.840746508438976
2024-01-07,03:00:00,4.591402006492059,-74.17376137039885,105.32141882460033,34.52281414751971,375.2550895466111,3.748745728351111,151.9381230413008,17.411613368669528,A,45.670732569328145
2024-01-07,04:00:00,4.618713671962513,-74.13791470505022,142.29534968905523,134.5530477201533,499.18248936456445,4.637879929399785,5.543255849730424,27.954328874992754,B,45.03405858179817
2024-01-07,05:00:00,4.624682946362159,-74.10859691791326,10.254685680082398,151.4549130404558,457.9003137685013,0.822416954434718,15.634675369028365,14.342399995709181,A,51.135339671754636
2024-01-07,06:00:00,4.658511727620305,-74.16057609755605,85.82382101376704,194.23753068601317,450.8867538641101,3.384595804516782,145.55891873584545,29.55895086965141,E,17.291458887717088
2024-01-07,07:00:00,4.55397161053897,-74.03815227227625,136.58644893625984,102.3653967278264,582.7787902649935,4.7115978161370675,175.6016226528516,28.27751336520334,D,78.52024350792246
2024-01-07,08:00:00,4.658565595451611,-74.15866674816405,129.10664847357276,24.57366046845507,564.2240829616965,1.0453635892335855,208.7042306831923,21.364726645444726,A,11.027538330877439
2024-01-07,09:00:00,4.503685844484252,-74.09735691024913,134.5499607183148,75.51415814311005,517.3034214152425,2.8776565979225945,93.47921813483836,23.64702054809529,A,98.82671215991677
2024-01-07,10:00:00,4.6839760874850915,-74.14926864901508,45.16007684729847,110.62635868165825,350.2528357334556,3.27035024711326,69.50102069820906,18.226105228591337,A,51.131500490966424
2024-01-07,11:00:00,4.677401503588932,-74.07816492591088,40.431349770345875,147.22662944793413,361.9631192413245,3.7667495712948376,7.205960781056513,20.54695237669511,A,94.2946758754331
2024-01-07,12:00:00,4.570185547294118,-74.02319579714266,146.44138790230122,118.44022291114604,564.7456923107562,1.4263252738158934,277.6000883207527,10.214375122797929,C,91.81483083044472
2024-01-07,13:00:00,4.546003608983717,-74.11916769253364,81.69321050340089,183.76451100109898,448.746453574264,4.222557849154937,284.4908926897623,18.196718468065185,D,37.64552176285926
2024-01-07,14:00:00,4.635120699597222,-74.00746671539953,57.2012705330669,142.66467079793006,384.2305054795419,1.0613216787329074,197.91637901089882,25.359637396706763,E,30.549437277920322
2024-01-07,15:00:00,4.545329127289329,-74.14398017447108,125.94220673700971,158.15569035158902,365.3129372485547,2.1799350387701653,84.56964564111317,20.214148369118835,A,71.68953497952057
2024-01-07,16:00:00,4.5109399827764225,-74.06866418414792,67.71634981788188,43.2718145178804,597.857942710545,2.7627713476827296,109.03030293350186,20.723371393627513,F,47.864294805837595
2024-01-07,17:00:00,4.670970701308549,-74.08138044222045,63.242217469997065,27.269951601789305,375.5274042983244,3.221324353510399,38.95251792937498,28.573428460345713,C,62.50224202969432
2024-01-07,18:00:00,4.547858352304951,-74.09963463145647,18.818935073047903,129.3968919099758,534.3605152045675,4.995663006807004,142.55357845991657,19.674677264748777,E,55.63506398728563
2024-01-07,19:00:00,4.606886363884946,-74.198667272436,149.09179068425146,199.17606161134663,499.03847173648774,3.603137737440572,70.59616089288959,24.15462804321507,D,12.53407371689767
2024-01-07,20:00:00,4.501304201124465,-74.16391893195751,24.915739300990133,57.668680654574054,449.70516392126103,4.455445055137355,95.17624573416052,26.571987976221145,B,21.0732451473481
2024-01-07,21:00:00,4.671796734475999,-74.07541196321037,66.47523996124751,144.40429953896273,382.0287897743188,3.737899013560263,63.64649311021091,17.54021971958963,A,23.267483912132917
2024-01-07,22:00:00,4.529626180773927,-74.16818800920979,108.89797955604777,106.80512278993605,396.25987993256683,3.8162669042353636,330.333787293734,27.05625894543258,C,37.108495584985675
2024-01-07,23:00:00,4.593946695077197,-74.00282786244858,120.84209710815593,135.4295412138132,496.5677615920453,0.7344081064768171,72.64744134189445,11.27281293437,F,99.48131824093294
2024-01-08,00:00:00,4.615680036430289,-74.08950358671068,65.00706490273474,129.9382917090967,445.7972505221543,3.401709738252446,339.77749372197275,25.597136984695208,E,15.844836830667717
2024-01-08,01:00:00,4.55497661584588,-74.02649325501193,41.85135460680874,74.01622524871016,365.4846158476926,4.55494631758316,110.77264486124683,26.676715389827685,D,76.63287390426876
2024-01-08,02:00:00,4.620558861575328,-74.09456994644337,68.96821660601451,56.524882657100655,462.70916475938753,0.7952391861721326,34.08969414038647,17.36747781950344,C,82.57523705245802
2024-01-08,03:00:00,4.5566415809298535,-74.15089768326293,78.85498462639445,98.87892130788133,521.2756896159494,4.842564423561526,38.56825761627191,24.84909071428537,E,85.4475241076747
2024-01-08,04:00:00,4.618924325026027,-74.14156341248342,42.1740940529354,154.62367143545697,564.4288435697819,4.160274842359279,289.26550867806634,11.261178976342865,F,86.18751005615641
2024-01-08,05:00:00,4.670678608441863,-74.17529631588913,32.95657598738416,138.99201456628705,372.70920474044976,0.6271958867509196,242.52516349007814,13.454865936435521,A,12.831018921961558
2024-01-08,06:00:00,4.540553099211261,-74.18487029698596,107.7193814798917,50.41330592827827,558.0057875174614,3.358540882024884,276.27820211762435,25.629931585657527,B,22.1471665198465
2024-01-08,07:00:00,4.601387886602465,-74.15387186313879,99.85897071573609,153.74955811697154,477.3212746266279,4.720591209727767,224.17740160599982,13.40227251075952,E,72.87673967026616
2024-01-08,08:00:00,4.687312079507552,-74.18518945854935,33.79914024062617,152.90639873203762,482.9707559498984,3.7383881902183993,203.05117256221612,17.086942619814028,E,38.295015655881976
2024-01-08,09:00:00,4.650439690244155,-74.17517805823886,26.665792736839833,68.4196711995959,508.0838220057484,1.362037430558856,335.8277558675323,15.311940070683159,A,35.75833502665034
2024-01-08,10:00:00,4.655277057854264,-74.17790413551077,74.73355145286085,48.19945551451409,419.3372132083647,2.0294584427333873,316.9793009813329,21.170854326187758,F,24.827446937469727
2024-01-08,11:00:00,4.547670908734415,-74.06208139994948,135.89391470102976,172.9146494191168,502.2970047212168,1.1675739468282362,52.52384136738725,27.48990344524723,F,66.91325982836298
2024-01-08,12:00:00,4.618087082734337,-74.01195291817189,86.7762913131542,83.91252725077068,464.04330605443187,1.8953423764700867,37.64972532094143,16.84863807955488,D,10.268784968467713
2024-01-08,13:00:00,4.654756878408315,-74.17400621898379,15.834205678182638,31.779910084393215,441.71693958473475,3.8392077443774295,270.2483916204482,17.060877740930188,A,84.36006125993495
2024-01-08,14:00:00,4.557970395753183,-74.10138855550363,125.63282648583944,135.9489342307287,550.1016979249506,2.9896156055699334,296.5825862020392,23.3008304352989,D,68.1961034403708
2024-01-08,15:00:00,4.64671356000882,-74.0061041429832,60.468800994487765,76.22908716783931,356.5828450517565,3.665070533231042,316.96897287505743,11.105535264711364,D,60.09360206994153
2024-01-08,16:00:00,4.556068197378082,-74.17505165133323,45.637335432477656,177.02298707977627,599.2321265754384,1.3037871530006822,115.9824090910067,22.474369704527163,B,62.87738207276454
2024-01-08,17:00:00,4.604776884850543,-74.00204103064983,107.15500943996908,165.97186439767393,371.8173670322782,4.7618386914532245,281.92296782873314,19.201210184390064,E,26.886111401452325
2024-01-08,18:00:00,4.6625186236239875,-74.00127990031213,50.95617550058045,42.47904083531659,436.78965921195737,0.6909147212476281,44.443058673601364,24.781442307960482,A,87.49812197020898
2024-01-08,19:00:00,4.654581294931218,-74.08470092153848,114.97219397314169,140.93060734261962,427.33630311874117,3.9518226384547375,254.27446734802115,10.694139228401804,D,12.460912126840556
2024-01-08,20:00:00,4.619558424463218,-74.12825494662837,47.865366446203325,97.17597911440822,553.8264306810696,3.762848139569498,182.10280865856362,19.72910587210891,E,29.216772316585182
2024-01-08,21:00:00,4.577577455589573,-74.1144040870018,83.66206586461689,113.66299389261998,356.91589619313135,2.1766120697656883,273.77575750586414,19.06392833041726,B,37.02372858008042
2024-01-08,22:00:00,4.566661269345675,-74.18688038145487,28.9686141820453,35.347868102971745,447.95557350063086,4.288673480926159,93.97781525617329,25.722223138252602,A,37.15247793125971
2024-01-08,23:00:00,4.6123132528630055,-74.09424277964847,134.44093482906823,77.31561068175942,590.6299446060015,2.616047950732515,228.94858179939803,16.91180296340729,A,20.716037250634116
2024-01-09,00:00:00,4.6071227356815525,-74.12034127543119,40.43122354006253,182.2208296495711,439.858630775679,3.7612559284200837,279.96718439482663,23.220334242385807,B,38.532816716798806
2024-01-09,01:00:00,4.631919425066949,-74.02489685631858,43.72929894239712,117.45612205482489,374.79914321662153,0.7776474803941609,18.014917746294866,28.059667020117228,D,11.108824108972378
2024-01-09,02:00:00,4.634852689038498,-74.08498028331573,89.00175984550076,107.16326661745666,490.83436066677496,3.952479705934805,113.01404293034165,14.537782828833283,A,45.241329662863805
2024-01-09,03:00:00,4.666080883280109,-74.11032154557455,96.56569127307851,167.65003865240544,545.3356072543784,4.776227545809238,183.34616246977097,14.78044898587401,B,74.76177620414687
2024-01-09,04:00:00,4.537718251792977,-74.16296490935106,117.22734509548854,138.91834730617842,353.39020917233285,4.005945635746382,85.94855482631564,14.988654150437794,B,86.65902527065664
2024-01-09,05:00:00,4.65082746385769,-74.17030693241439,83.21675923429777,122.35640191836873,517.5119461705799,2.5696002908259636,310.6799240104373,28.109125324977093,E,71.93018675145916
2024-01-09,06:00:00,4.582722105359961,-74.00017108681368,149.85976632086496,168.4437477926251,405.64117857988674,2.0299847475513575,271.62065541089675,17.758789308872057,D,97.843278086934
2024-01-09,07:00:00,4.644525491758927,-74.1650928618715,39.61069964277622,175.3070087350149,465.1047920325609,1.989221534733236,136.45894419730323,24.228780409835426,B,72.93542134574118
2024-01-09,08:00:00,4.641891927315452,-74.13149897474128,102.29967294111043,68.33697241766745,519.796443950519,1.763960051627311,117.8102781593781,20.0125429296134,E,32.530290309403334
2024-01-09,09:00:00,4.584862285356629,-74.17734135691457,65.08219446623903,31.643676264350937,480.5179035496068,0.7356893434240367,80.888535546708,21.57039035928721,F,49.04273039595671
2024-01-09,10:00:00,4.692231454645126,-74.15052484797528,138.29431713521095,179.20531448721815,476.5528381805608,4.672565244094851,274.48373887250904,20.44950820861741,B,29.642525807356506
2024-01-09,11:00:00,4.648303217192242,-74.03288657140162,36.55010329372211,119.18893398252553,481.30201345570913,1.1027764713393524,113.60947169522507,26.07674654650612,B,43.691262937992484
2024-01-09,12:00:00,4.6540153544756775,-74.08088285828593,120.21790304879912,33.28806991234849,557.7813010868745,2.396548283128751,337.07326053939096,28.7596910582624,D,73.56900938975926
2024-01-09,13:00:00,4.623730106844353,-74.12673733953245,26.41615999237547,161.02776445640868,384.0263473619178,1.093501643958532,106.06720339041325,28.811070325523907,A,38.462582419543196
2024-01-09,14:00:00,4.590737559595041,-74.12400004466619,128.39446340635686,100.75435830551879,594.0165414898242,4.3190811640642695,175.77759418780548,14.593066381534454,A,84.3253488450597
2024-01-09,15:00:00,4.547106037339475,-74.11867266963822,49.67226067490893,50.4638620409861,520.7822105230068,3.8461554362288832,241.362356256277,13.782856283277274,B,72.3209270598889
2024-01-09,16:00:00,4.547301552951597,-74.1873253409841,11.60297683355638,64.78081262623667,418.88716696901616,2.2266419840621126,245.2724974848864,21.403084609581448,C,72.27525727981168
2024-01-09,17:00:00,4.587104780054385,-74.18126809028067,57.013072412294015,173.0381365621873,404.501119081173,0.8824170647835099,234.91414171252467,10.963851507877422,A,96.68888309752057
2024-01-09,18:00:00,4.566742251849653,-74.12746480724837,120.65209193968052,28.53254492748967,516.7987568361173,0.9426558112819514,80.85245641827696,16.110983546010523,E,39.22176047330355
2024-01-09,19:00:00,4.539830007241515,-74.11624210876302,121.20042109186801,66.44696166589324,429.1782560894464,2.9956392933239924,28.87495161401342,13.259618991660227,B,88.50433905046707
2024-01-09,20:00:00,4.583086725437158,-74.02679889596361,86.58531561973192,153.04856742824555,466.2270207309063,1.0252997002652315,26.044490268822855,27.60132236139864,A,96.25693606735763
2024-01-09,21:00:00,4.5367562466062274,-74.1671338842846,52.583616955073616,167.07487792324883,440.03993325885597,4.912699320519515,8.568160231533778,12.970902873150802,E,87.45753244379604
2024-01-09,22:00:00,4.6353832222427185,-74.10993421553248,27.14269543952051,197.71931956904427,549.9060250681107,2.097466141228898,63.86637618582031,19.68856368022924,E,57.66508808086063
2024-01-09,23:00:00,4.699397346758274,-74.0752669550056,28.26371743233028,57.64757807893741,483.45852920474255,2.4537055073054574,340.96811932230247,17.809639629774455,C,95.03047580131289
2024-01-10,00:00:00,4.5567370828493825,-74.0142394650309,27.63985184978704,55.30899724356013,436.5131570858306,3.6643607688552575,177.07738160633272,26.51101583586177,E,13.745283754495485
2024-01-10,01:00:00,4.517626960107336,-74.1838243740833,67.71894725052451,157.7480698481265,492.42150227283594,3.8406615478794124,255.86375640735,11.129634738392921,F,67.06251761444881
2024-01-10,02:00:00,4.663561989952871,-74.07632947302942,101.13744629309511,87.63023493851034,368.7367921220961,2.2073299837311575,120.2306845402574,11.221048816185323,F,70.87578196023347
2024-01-10,03:00:00,4.589827571921096,-74.12006314008805,59.95650633288252,176.3287777924812,522.777805543949,4.865549495281455,279.41635048195064,18.480779702870368,E,39.45792114425377
2024-01-10,04:00:00,4.5837787088748065,-74.00015661169648,46.89040508954507,79.56469644478449,447.9203039637707,1.0350907992489293,77.01456742580552,10.08491291306395,F,58.73653087191821
2024-01-10,05:00:00,4.670283059112206,-74.19107104481434,114.00024414957018,185.72484617856577,360.8013956760301,4.58811448514724,309.8089783182529,12.017524532745576,E,29.90137997058002
2024-01-10,06:00:00,4.629163229486309,-74.16882827631648,20.53836966150378,54.63076070579051,581.306677418539,2.315282451607178,300.66545716078434,18.77287790150632,C,44.80454065240099
2024-01-10,07:00:00,4.659384823136448,-74.01980685421883,85.77378153846715,70.89651771536062,568.3761285170473,4.337111733807849,97.81899340802485,15.531881271827883,A,46.01936190915552
2024-01-10,08:00:00,4.697757512034305,-74.1913141248735,58.54904613989155,34.96616757673479,469.5276163270525,4.9971769254828535,221.84460170736176,22.582308363088355,F,52.092476804641684
2024-01-10,09:00:00,4.58325932751428,-74.1949058521965,129.8368192278733,44.235675162562494,376.02967698554136,2.5692024646816307,212.87676772315453,11.357363079392325,B,58.33460902529067
2024-01-10,10:00:00,4.523454127862673,-74.15869215911825,106.5667647272109,184.27914280647403,532.4707494822771,2.730208857615217,131.34770578174752,26.00637074735358,B,38.37058053026965
2024-01-10,11:00:00,4.506894608360946,-74.05533145366422,40.56369177946913,129.65300204509117,414.1443203481695,1.9773800657536849,352.97951358569895,24.015643415632393,B,64.91560913572812
2024-01-10,12:00:00,4.565403748064476,-74.05454293885823,51.94103433008792,160.78472447513087,366.5473235936114,1.9446617387431138,124.54909962211475,27.948972397309365,A,52.01838833881779
2024-01-10,13:00:00,4.6930602780398925,-74.04285143076204,115.53325320859119,34.48280250404231,460.3141039915185,4.74644663221914,150.91802962934133,14.480812673431547,D,19.191363308976022
2024-01-10,14:00:00,4.601918845373985,-74.18209509135045,143.32493490581246,185.87536200128088,492.1506039839891,1.68005187795562,138.27730337166096,11.765066442942318,E,25.118624443214028
2024-01-10,15:00:00,4.610688521671045,-74.10219558200535,85.27842506186782,133.2762220243879,356.7057271371463,1.3317275931124395,354.7631588665383,25.49930057122786,D,54.87114394856647
2024-01-10,16:00:00,4.536745867126087,-74.09085865643144,60.051095878498735,45.18125959011974,417.9506253456328,2.2796456328183146,319.7988393789412,20.651779978583257,D,16.149475119456053
2024-01-10,17:00:00,4.618586869537067,-74.06553169064135,130.17909527889094,37.05626760938696,405.84935865313327,4.2762633350435255,9.082864453541015,13.489248136579533,B,65.23300525182273
2024-01-10,18:00:00,4.609602242019556,-74.15676559774339,123.8348518529265,149.16754841083988,491.0709279011074,4.248783100364388,80.91718320410305,18.691908707707327,E,81.47082635336211
2024-01-10,19:00:00,4.511978060095001,-74.00974612091991,49.00958164841279,49.14670569837645,431.5714469760051,1.363454575218056,250.8799282553746,23.365622373984042,B,75.1977872455502
2024-01-10,20:00:00,4.63013084360998,-74.08215360034632,41.112097656457934,36.724794812335674,531.5816247270537,1.4493616754817107,90.20148140569187,24.80123933071832,A,91.47827375602094
2024-01-10,21:00:00,4.501095817348912,-74.04316357820663,95.75799615604612,83.75511392031581,562.0302534180053,3.0384689907598594,85.28334951412012,10.893206461247765,B,93.63890115824121
2024-01-10,22:00:00,4.6994865101494465,-74.01673390129903,95.6902712974805,100.38229836004537,475.2320486782491,0.9538724743576201,239.57013221098563,11.986846103579394,C,86.2588140637637
2024-01-10,23:00:00,4.577711455158431,-74.12576670179463,27.073206226123084,96.06660322882068,566.6732875940925,1.0957756079726044,268.34546717685345,16.277752932348434,F,95.63710514374246
2024-01-11,00:00:00,4.672439065916294,-74.03301045963866,61.189432932393075,196.19923229187182,381.09666611499176,1.7172740099239094,265.71359759225277,11.859656281161355,D,19.343202196891486
2024-01-11,01:00:00,4.508043608577065,-74.0350163480644,108.19312107944373,25.947620865624444,428.1261724758107,1.6011146566262724,19.755548272533296,11.665264204899051,B,69.8367467619517
2024-01-11,02:00:00,4.59578397449529,-74.18817392998376,111.27318026602822,116.67313157452593,580.9452726535562,3.092743173403027,75.42222171403075,23.026920129207205,E,73.64457356481147
2024-01-11,03:00:00,4.541999082033708,-74.1555010899716,18.742136808994765,90.66700237297319,505.0357960519432,2.0174984498104167,72.35932215269347,21.35732851462455,B,64.26202128004746
2024-01-11,04:00:00,4.689397789488103,-74.10763473568554,61.54548173720796,68.64073359136003,358.751567890741,4.737260134090042,149.71983128060342,24.755383157125447,F,59.93237671964799
2024-01-11,05:00:00,4.625184230961858,-74.08532806053248,132.6296527485752,48.54140606150453,392.4878397221333,3.1517823238474456,312.8859140762298,13.752008440337322,B,39.35782264124534
2024-01-11,06:00:00,4.503936247607916,-74.17431381708803,69.00846851755291,136.57844391406178,387.39083429708813,3.783095869283224,114.85330442367733,18.238097682438788,A,49.243591086829724
2024-01-11,07:00:00,4.642277043948402,-74.19016960108347,25.35206228667771,193.2279502470706,483.19087762232857,3.2978759429444895,55.53874327631503,17.999853089536643,C,79.40392193809265
2024-01-11,08:00:00,4.538986997875593,-74.01602645455306,53.44933707028813,160.80526549600066,384.49317912299097,1.2884684439879788,329.9466302052072,25.911665651704013,E,79.98399266291398
2024-01-11,09:00:00,4.584628775514825,-74.19451376779469,15.110405844161951,25.815706962052083,403.9824447502453,2.579269100963099,244.38605611274716,18.057998388435166,F,23.334847862685017
2024-01-11,10:00:00,4.605537000253123,-74.11747763456512,134.5783626839821,142.83588831091964,537.1750282016634,1.9053802987727493,1.7633923846661181,29.086981154800995,E,86.58819858778531
2024-01-11,11:00:00,4.588916227366349,-74.13189564253659,31.404300686652352,158.3601650724003,454.5108125701868,3.4398492822625952,94.10125918699191,26.098737066356094,F,95.73635014021633
2024-01-11,12:00:00,4.566679487277664,-74.19866662736236,20.1980107365063,98.25645041496816,454.5277212963524,4.79015131068042,336.22471214220286,20.55437209807235,B,93.52070805219377
2024-01-11,13:00:00,4.550345227944034,-74.10224376549706,145.1941814553581,198.13646892884023,597.3297675362979,4.139354153831835,40.424793551681205,11.9356886693666,C,82.32040184566002
2024-01-11,14:00:00,4.650231544714777,-74.14818529737325,25.79210589492662,135.8721409738206,560.0878697469961,4.899142345677134,172.88514147335422,28.77290329047066,F,37.87432171641261
2024-01-11,15:00:00,4.556349054020535,-74.08710573653616,50.69777110038312,110.77337000825761,357.5761295407051,2.0792943519443123,19.491235007409045,14.04462430142826,E,39.39744834675412
2024-01-11,16:00:00,4.662887049972259,-74.01193590158283,50.20332566112234,184.9589352723616,452.60929665490227,1.3968189462774332,14.620395770828285,12.816963296641223,E,87.58081653850962
2024-01-11,17:00:00,4.641967942996252,-74.03486542167215,79.51166662137268,90.58156587636313,486.3685156741599,4.861481600206594,164.87799388431063,20.18674251025474,A,18.417540340865397
2024-01-11,18:00:00,4.5973138655066474,-74.11859712369156,100.27021898705517,193.84004579154282,405.878737623298,4.3972325041906934,311.2257473892718,14.400938157184664,C,38.47595956992018
2024-01-11,19:00:00,4.616205862773965,-74.10280898984423,90.47030619777092,63.37255307599143,432.61376614332636,4.376777512024805,187.42168923707735,15.697103644365304,C,73.4946169233069
2024-01-11,20:00:00,4.667201021790367,-74.17599300862803,19.707416646805335,90.17792897672166,597.5379511703435,4.926177595958413,131.98332616537655,17.430565335359116,D,80.85708587919743
2024-01-11,21:00:00,4.590835643886841,-74.09119991235505,84.94098462457563,87.57370000478348,510.71461441296975,2.4778761108149907,332.00796406841187,11.18504353348831,C,17.538419577832798
2024-01-11,22:00:00,4.615287597233921,-74.18158968381594,105.86910816805596,103.48696010757965,565.7563816008196,2.165736064997743,189.96038381152636,28.59533398976129,A,85.92834374176462
2024-01-11,23:00:00,4.563976860324453,-74.05789044657809,97.33994609541449,33.54257382828548,427.71248746247045,3.0743207418035663,291.7331249729363,10.602768627145611,B,96.10411648758655
2024-01-12,00:00:00,4.554719030817158,-74.17915588986412,75.52090456284397,155.694694789311,483.3382132849703,4.003212862260259,291.7914897025631,26.844799449223846,E,30.118823385350904
2024-01-12,01:00:00,4.559163557891034,-74.08286693287991,83.97550598426422,181.81735170382996,584.6387235430452,2.8014662230737444,102.23073673788517,19.33184239685353,B,61.503572425112
2024-01-12,02:00:00,4.54172303370562,-74.16438704638833,14.183901413318761,67.30262746617944,411.9565241492636,4.930957469469583,208.30949065678692,15.631285960301861,A,48.97843216930149
2024-01-12,03:00:00,4.571429890104158,-74.12261054400969,116.01430122262204,64.10170928012118,362.1135118250388,3.1492777691538336,53.43541298988875,14.274446223023158,F,44.43011427981793
2024-01-12,04:00:00,4.616121045423446,-74.0961024682556,93.84027360461624,22.981474819601402,537.736777947739,1.7724420873645887,306.92381841080913,12.604573922965406,D,46.24301056496603
2024-01-12,05:00:00,4.53439558651444,-74.11866947895797,149.89267869871287,78.52619933248795,351.9474436269099,2.077815482311955,229.13442233470695,27.17635378900254,A,47.45993359157071
2024-01-12,06:00:00,4.544361973994068,-74.07399560373693,42.17546138365992,185.494690822911,398.0288239657548,1.5672474195544737,295.9819985878471,28.965949554492624,E,55.81083474973026
2024-01-12,07:00:00,4.572612507000829,-74.14323261208546,133.447901767781,52.39955380388875,482.0760344937337,0.5897979906199369,189.3085893387322,21.462302586396234,B,79.08316138717734
2024-01-12,08:00:00,4.537630189925621,-74.19138478751101,124.95424562192882,183.03408284235778,508.3822555078365,4.103811029633232,356.719192812016,27.3867382556859,E,35.37016010926335
2024-01-12,09:00:00,4.544210288584386,-74.10329756153044,112.65574631858347,76.51372606356668,432.2581586789114,1.9967727603410332,37.9404031270666,12.358104177097005,F,34.18504972313634
2024-01-12,10:00:00,4.655229204161782,-74.17467659444269,107.2946287529278,36.590916090602505,389.4240325299762,0.8498724429938461,6.403597148653266,21.357609181670703,A,83.7179660623843
2024-01-12,11:00:00,4.630591934907515,-74.08315484080062,122.87676787948222,72.70620535467465,376.7982872737211,4.377597220561418,61.626626634106614,14.85851684322882,F,51.21427053096465
2024-01-12,12:00:00,4.521190722925187,-74.00438713297338,53.87924660905652,199.41304743566488,596.4328266192776,3.0772038434758344,287.5945833709782,29.211296496445044,B,63.181103087241404
2024-01-12,13:00:00,4.6128498764260275,-74.07388068197838,144.74806688060949,130.46784803614298,357.47338040504366,3.6066931916638647,255.70432575357228,25.865976472452616,D,16.903118746430497
2024-01-12,14:00:00,4.621208242682253,-74.08441903784617,86.27451908352313,160.84314837561809,423.48393262523564,2.6334719239641533,256.4452576149695,10.887160837133305,A,84.54022113339548
2024-01-12,15:00:00,4.653175289011899,-74.19168419736593,146.2765176356758,198.8984982264277,459.98904341047273,2.7109047674263635,133.27526899637832,26.727635840713234,F,42.950651143473024
2024-01-12,16:00:00,4.507327944983724,-74.1488591833063,103.94735624633697,37.397127628204366,570.8891373545082,1.2739984068657901,331.5666615805604,23.798367542000573,B,97.42773213830323
2024-01-12,17:00:00,4.638307797983383,-74.19134635950755,50.10299716564954,88.15207780647376,445.704066066486,2.058310097029809,110.80384478954191,26.79991673528059,E,88.18970584455542
2024-01-12,18:00:00,4.565029552739431,-74.13906899413614,74.87865277151954,92.06037928035931,524.9979128314875,1.5428240834995421,33.983216637890315,27.629500500971027,A,64.29660195649
2024-01-12,19:00:00,4.65140102957836,-74.157954489754,125.60176420965715,191.02535111691137,471.61695173302564,1.264385167876133,137.02465738769058,29.284629550326862,D,54.02180118183054
2024-01-12,20:00:00,4.574751435142917,-74.11901808520449,39.324154869160104,45.5423145641189,418.9401870060322,1.2758636787568256,238.0703789248016,20.609855991992113,F,85.73270977061975
2024-01-12,21:00:00,4.536462022143262,-74.06057490630181,84.24395638479659,158.47109996863074,447.74885225589753,2.9228643663796197,88.64609701289744,27.079228156665923,C,85.92191366131689
2024-01-12,22:00:00,4.696237194736651,-74.16875007611107,90.52745302147513,28.148754831273727,516.5205820173836,2.3811090750330868,191.71068699399422,19.498773564243763,C,53.25955141203041
2024-01-12,23:00:00,4.560392142824493,-74.18244110194651,89.32189806104144,73.91551312671429,372.34333893258935,3.0031286927863072,19.23799163003769,22.658140325518502,D,87.19043251593042
2024-01-13,00:00:00,4.570103645135119,-74.0502750274669,91.19103934569893,142.63932786710643,490.36110413640966,3.514745244727857,254.7851185973026,20.550852924782397,C,29.47472692584187
2024-01-13,01:00:00,4.628553778567096,-74.06087336038823,74.44766114464521,192.58188933759334,499.6798876742761,1.6871817474189592,219.1089892059548,13.526261432503388,B,13.183505111849795
2024-01-13,02:00:00,4.6279407514215105,-74.18910399465115,93.79827878421844,33.567401857227104,431.64140858092327,2.6184087262634543,201.2405546261068,15.66836683872473,B,19.346867276535093
2024-01-13,03:00:00,4.574072374636233,-74.0983604595539,143.05973850065158,122.12648854908691,400.8428970363944,1.5467685957944657,270.21731683157674,10.200867230832355,C,37.96859524176445
2024-01-13,04:00:00,4.530908686755933,-74.01880307030231,91.1530753282835,112.76214433979902,535.789923756817,3.9771969845874944,91.08522459093125,12.393609803173092,F,68.5370551003804
2024-01-13,05:00:00,4.581877892576523,-74.11446613547459,123.84222195090622,52.87738477152234,403.6930520782656,2.232877681891466,211.28341560115837,21.001059105234162,A,13.002347906457585
2024-01-13,06:00:00,4.589500114179439,-74.11821823316826,40.12729927364489,103.04991091307609,450.4060048781347,4.494052894577431,309.71375863127815,18.32093903537259,E,23.834066235748057
2024-01-13,07:00:00,4.613363229251521,-74.0708588082545,17.898584391114348,63.819150360519515,373.37156054374253,4.540673594683582,349.0030131913444,20.29908032723214,A,35.812108241716714
2024-01-13,08:00:00,4.63760022053697,-74.13124829196063,104.0829279958689,163.43118251669918,559.3612548227575,3.4999927749398694,338.8065574205822,14.322635729043363,B,34.40887216258906
2024-01-13,09:00:00,4.606936724424225,-74.1003932015559,119.19127492706242,100.16268552285028,369.82244494669175,3.519675256796078,185.98872049728828,20.580250251236848,B,45.280247326542295
2024-01-13,10:00:00,4.510457906551425,-74.00807200491097,109.507742672793,178.46002418393672,580.3478704812483,3.309259201898074,227.76540569165948,15.87020786955408,B,42.499178039086914
2024-01-13,11:00:00,4.6925281599694495,-74.19836021589452,20.38115544977036,172.29419156917817,419.4700511472291,0.8506670775567398,72.0056181024217,14.384935233735787,E,84.9735490100263
2024-01-13,12:00:00,4.529025838355448,-74.10307469625016,104.8990978639405,128.7226624498633,422.42266057532925,2.955223885418093,228.4656187443807,10.278246578436914,B,69.80563945283438
2024-01-13,13:00:00,4.641215271452206,-74.14402107368703,63.07481697645272,82.48072677490882,383.7666333370293,0.5387331657427439,242.25663124105816,15.82033662785733,C,66.28794536123232
2024-01-13,14:00:00,4.58762276147146,-74.01609191861772,126.53499067207913,61.51972962717865,378.05061216932853,4.047459614767416,277.9858032344053,11.125888998076114,B,24.529935984278993
2024-01-13,15:00:00,4.574198186476314,-74.13948611512957,57.825810308861264,35.76329177179633,385.9384623846111,4.879800032338931,81.24500235458541,28.604368761131955,E,63.97583034615859
2024-01-13,16:00:00,4.667082432830624,-74.10097841249946,20.06268247015306,98.97896742367416,442.7106644574005,4.489204532278146,249.4456974143128,19.737919305204894,F,43.47477323667642
2024-01-13,17:00:00,4.620692387081119,-74.13925931810705,66.29473591917204,174.86182177610354,448.84335627072846,2.685410798498033,156.72807174209024,18.440573047664515,A,18.021541895534863
2024-01-13,18:00:00,4.637334470209303,-74.03579490881728,51.7703596007964,140.9756429380734,424.93718063718114,1.7272523803396302,358.33764182565346,11.9323705244528,A,33.50347209362591
2024-01-13,19:00:00,4.517701494334936,-74.03222410731505,135.23311396990414,194.31109691998986,543.458329520547,2.500319194977035,276.5671380991513,15.259872997287555,D,13.000080980655511
2024-01-13,20:00:00,4.6235507968273355,-74.12858889873341,14.92216766406621,36.57224987577698,553.806996601403,3.7695591813211364,3.8032554157797405,15.805720479066082,B,64.05768383796936
2024-01-13,21:00:00,4.601979705243232,-74.14962714996474,106.53742308838073,89.94421664082266,363.0565035946703,4.040848021138713,150.1415795238904,10.029413185993059,F,92.17784306293035
2024-01-13,22:00:00,4.530460218461875,-74.08173132215795,54.92095252774441,34.849356666856025,427.44003297242006,2.5922777808208695,346.4460388847943,29.819285853410985,A,37.27421741185907
2024-01-13,23:00:00,4.552731676869557,-74.0384573811164,132.0999497561982,48.842896131320714,535.6072903169359,2.53350974345197,137.27848836113142,22.977961379560156,D,55.961622832314184
2024-01-14,00:00:00,4.567911730041734,-74.13848304420999,84.22077090933729,91.39390486202649,401.62801683721995,3.680573077853018,185.51007239726843,13.429841906053815,F,55.709510369571824
2024-01-14,01:00:00,4.674686657076272,-74.19583909358788,143.32809729692784,46.690112468150865,545.3595377231885,4.554826113001462,166.6891588485359,19.53306371145321,A,61.950585428276526
2024-01-14,02:00:00,4.670673160379248,-74.12594377887662,144.79483031899935,112.59564579072257,570.0891099697436,4.108146677574466,245.87307447857765,19.55813108246509,D,98.76096776268737
2024-01-14,03:00:00,4.595238711052811,-74.18066843672872,104.0326637245799,135.22406216826613,420.63470683925823,4.547471340655758,239.07223907785885,26.956317142042504,F,28.561894508749745
2024-01-14,04:00:00,4.505629211974739,-74.10639859482171,27.79799421825834,118.49509276246756,506.5360221122776,2.3161919747070416,163.9323828607689,23.79268467261038,D,23.23875792857011
2024-01-14,05:00:00,4.588567476223792,-74.0795674720456,38.336575016201095,196.70310743384172,564.6518328010671,4.263547001292229,212.33065444131344,14.499864424275453,E,71.55158256284534
2024-01-14,06:00:00,4.590312076428009,-74.04598807756459,42.173464416019556,25.837388720127517,516.8344961074176,2.2893303541284893,348.202155270272,23.039242415676448,F,21.144186379086968
2024-01-14,07:00:00,4.506493357771296,-74.08256579953955,149.69822609894177,158.48379384703756,519.5090726835995,1.1206597639082663,261.8356429740384,23.608140350503852,C,10.16193252850652
2024-01-14,08:00:00,4.59962469001718,-74.00277408248647,12.956398191476485,190.46872646094843,534.8084092152448,1.4839812930678422,317.1666661960512,19.317902901938353,D,74.27264170066482
2024-01-14,09:00:00,4.689009613079511,-74.13133826075378,133.0281397398145,196.26132475768446,494.0548536029801,4.353363073151222,26.70031383356627,25.38053259659202,E,77.8802878022429
2024-01-14,10:00:00,4.5917262130668535,-74.1515788284819,49.10952136672675,38.4638713489036,589.5944759282083,4.269325606491576,117.12078297203087,27.49999182962401,F,24.578895518565023
2024-01-14,11:00:00,4.640869356204776,-74.08232781671636,82.48678365086184,29.37085339682792,586.0391256105906,1.1937739886281968,0.668603367659375,27.03380879223204,F,90.83288802657566
2024-01-14,12:00:00,4.684916616035927,-74.12077736906802,131.54232546221783,146.72973656413967,480.994734776114,1.3540973702406751,335.1376090586882,22.024372727032542,C,42.15916359010008
2024-01-14,13:00:00,4.629167496591068,-74.08735998895388,21.658565931977293,158.6134752889258,555.353447539855,3.306400420643103,281.6642140092077,26.686895722906062,D,71.00384606503681
2024-01-14,14:00:00,4.6515118054322215,-74.1773881419795,140.42073195110095,92.54941413688883,460.1272848845673,3.6723447537180096,224.46636851913757,26.939635634617414,B,79.43148457435052
2024-01-14,15:00:00,4.625478940778728,-74.18290058995181,70.39419039947279,105.97530222288405,437.1359243801191,1.636915535459226,281.96993235080265,15.537500597361706,C,11.73595890145008
2024-01-14,16:00:00,4.562250041635547,-74.1314615041929,71.61749112015332,65.84066458544936,477.1875462637604,3.5096676523078147,332.19844256146695,18.564876702739546,E,97.14082760008704
2024-01-14,17:00:00,4.525018652957131,-74.18239376641448,136.92640168075806,20.51480685140208,588.8240143205034,1.9532556371429581,25.350497311090034,14.226175509112341,A,57.4296842023735
2024-01-14,18:00:00,4.6337401653813295,-74.00252044176749,68.86541351126839,63.902359125164345,567.4079649660591,2.7508746258239882,344.6718071685597,21.780374982157475,C,74.48536078377751
2024-01-14,19:00:00,4.588053550979687,-74.0274692223913,65.44214209133298,184.68257257089434,578.4766067257431,1.9153221876703728,330.73601950928565,21.694426465610015,A,44.02637225174181
2024-01-14,20:00:00,4.504736887535557,-74.0057597112138,78.78212143003144,100.72425202677917,513.700782853901,3.1473372838202414,62.46097063282483,22.05554609396738,F,36.487530774496356
2024-01-14,21:00:00,4.653442386252448,-74.06298706392076,115.88395966513121,172.18237691738702,370.931410926237,4.848789572994517,110.48060826284232,12.773470778104548,A,80.40057230973619
2024-01-14,22:00:00,4.657453568224339,-74.1230842893652,139.23733138321646,87.38350556728784,442.4902883754161,1.7334676910484612,315.31559250708,13.372764066392143,E,15.125035031408316
2024-01-14,23:00:00,4.617900905651609,-74.10497845947661,101.70362215105561,120.78892146394719,581.6374994933915,3.208820164029727,12.269963518578443,21.283668124221837,E,57.38110094544688
2024-01-15,00:00:00,4.5134608340049756,-74.04051770111255,29.71049334463075,91.68411327454363,468.496159041192,4.959581547471368,300.2732283908023,20.57527632117776,C,19.763149533824574
2024-01-15,01:00:00,4.564076599806761,-74.11499812354316,46.153288904069115,39.02601194660673,527.9507394345707,0.5772107923589822,338.9573606742806,25.93552567706917,A,46.726128695964995
2024-01-15,02:00:00,4.500377204623602,-74.12476357260518,107.1506747442694,83.4845781392386,583.27380094361,3.038687463641323,116.85197142934729,28.00004056367573,D,21.022127245820144
2024-01-15,03:00:00,4.647441777072945,-74.13012794126196,44.43555196891232,22.80516593249797,355.19505106023684,1.0334237839451381,58.24613184861571,28.46051281693248,B,90.0125081446001
2024-01-15,04:00:00,4.62275474229017,-74.12770774419202,19.97030756442001,171.45175576061237,554.5970106241502,2.464811199580549,153.97535180661686,23.68993290966514,B,56.79098159842347
2024-01-15,05:00:00,4.502969514380087,-74.05095162167407,146.6020989530255,124.87433972379385,588.2499638984038,4.695570500390812,247.89466619118835,25.95578878499482,D,13.414075825393027
2024-01-15,06:00:00,4.563576407202927,-74.15640620334038,28.712237667664457,185.0612177426797,396.3774800252537,3.4590138332975644,75.23005810129581,20.54618943141464,D,15.740111433320564
2024-01-15,07:00:00,4.5182442680521495,-74.12749055910315,104.18918882697474,79.9308982264786,463.05031232291145,3.8320639946168966,22.023025446357654,17.609112623776603,B,90.48069259587103
2024-01-15,08:00:00,4.650327177678925,-74.156323991651,110.39613730993317,135.11214169554057,509.82419382871467,3.771778666433477,293.5097874025627,13.498848645123054,E,55.50502489214185
2024-01-15,09:00:00,4.579182327269278,-74.19308219277276,54.23897261765764,71.90351671697087,501.3467649333917,0.7430661401835377,8.163469365214095,15.977843666115405,D,98.95426932388953
2024-01-15,10:00:00,4.680083365163543,-74.00270815705038,40.3088984654014,80.95394235591141,479.06691620985566,4.422830187123635,131.3144426662523,14.688431572456908,D,45.52378521382096
2024-01-15,11:00:00,4.59902852046762,-74.02290743140216,83.10467466841901,80.65896616961807,510.88423514673116,2.967343365695635,12.58068195780039,26.77330188658743,A,23.817386906447773
2024-01-15,12:00:00,4.681522103810182,-74.073294411115,90.7914001906587,96.83629637787759,514.2007137963187,4.609264685202119,29.932172575913448,28.494528388424094,B,17.135677612354158
2024-01-15,13:00:00,4.678506006541744,-74.1759653204359,146.9688189767618,23.501644865272336,464.63683213961315,1.0164416366872686,273.58819131044896,15.201344920529072,B,39.93878022153857
2024-01-15,14:00:00,4.5386569583848875,-74.19516913473016,37.000287077633864,130.4507659207321,586.8063355125436,2.5661773149584746,336.9651885679434,12.088293790120927,F,47.11068698033527
2024-01-15,15:00:00,4.6117202281606975,-74.03858590625555,114.2185393976721,26.504081839327178,378.5102524878167,1.9756718216180746,180.32069533860772,29.565597997482005,E,75.94360938205598
2024-01-15,16:00:00,4.628889591741345,-74.18458432051821,93.40953145671806,177.84302213728827,569.8665799737441,4.767522419065752,9.983649080109394,17.420970912715884,A,58.44832964714063
2024-01-15,17:00:00,4.511142702235257,-74.13152434939721,20.589157240521203,199.0626460702698,390.35805416162714,0.5145703594928095,180.50073842767893,27.458932193740115,C,66.25579944148835
2024-01-15,18:00:00,4.594892842748564,-74.15545350491395,121.72894587936848,89.35323788026207,526.1671647702491,1.8699355823774297,11.897613211659092,21.464319593934825,B,47.549993911320655
2024-01-15,19:00:00,4.531219037733964,-74.12522872863063,135.3492494137508,36.69599406305223,584.271377241583,2.2822696717632196,237.1968152073626,29.46937078474385,E,94.70947546673001
2024-01-15,20:00:00,4.570724240664147,-74.08983618899649,84.14479636728987,32.132642455155896,447.5651439219827,1.9903687325228372,311.4195671802951,26.185458605547854,E,30.15284501997627
2024-01-15,21:00:00,4.627178183894289,-74.17777046488504,22.1439137690015,95.595872083824,457.6879819246869,1.9856987158401904,357.7683681368662,14.996227954306828,B,99.1286380847877
2024-01-15,22:00:00,4.526746772145758,-74.0169346802544,116.93644279725689,104.1755746220589,521.3530022165498,3.8230448776959562,109.8671480471315,17.429815680683863,F,55.05516565451895
2024-01-15,23:00:00,4.5255284352080825,-74.04673132494636,23.06387447326552,124.2724858708095,390.8767272455656,0.6328136420614372,186.44962965220014,13.48177490397231,F,38.05813151132
2024-01-16,00:00:00,4.609837185077472,-74.07507734695201,102.01785111046763,125.73901131881344,549.9870534997026,4.990393150508514,122.17179866046266,20.37179307922429,C,84.51399123641389
2024-01-16,01:00:00,4.535908105140508,-74.15202116697141,49.85354050364996,65.86210548796971,528.9897525816343,1.5181350222704229,327.34291133777083,26.21933006270889,D,69.0051593624643
2024-01-16,02:00:00,4.655846386206728,-74.00279707745105,88.6643806676535,181.8263065880036,509.89967045649786,3.2181248679451557,158.42716330418486,17.194959526904096,B,85.74023471982385
2024-01-16,03:00:00,4.628554266757768,-74.04076205174275,84.90706297335754,109.34169943166235,355.81059139037495,3.537274298022086,68.18912521903306,20.967623743640047,E,27.62030836834786
2024-01-16,04:00:00,4.576725492698888,-74.09363359217697,25.635143001642824,95.27083420637264,472.743683009133,4.872773307834327,88.49411797390864,11.349325940782762,E,99.7553928673731
2024-01-16,05:00:00,4.501661844146333,-74.0150808605057,11.270544849692946,60.80228536953238,577.8939510236456,1.8980181815630826,220.29419673593486,20.52546932166061,A,28.654546844251964
2024-01-16,06:00:00,4.51170672255625,-74.07280845653894,59.296525310799574,95.8525312007817,518.4146060452254,3.762113265443079,217.25804488350826,20.91935105889341,B,15.659693814328323
2024-01-16,07:00:00,4.534227877102494,-74.00661530646366,78.18981615301993,143.95024109889704,424.42588049739845,2.256452287425226,99.77093900752007,29.581561886134303,D,30.697262693473842
2024-01-16,08:00:00,4.557872593901086,-74.19279330627047,20.035504415444677,116.63311749593446,456.36537463574956,1.1650345248630625,8.558398350891503,17.939854058342306,D,32.32678923163037
2024-01-16,09:00:00,4.659308008998154,-74.15149133893897,99.35597033053142,114.98871869860771,355.16402742500134,4.874217608913766,37.68320526075578,22.878341404858077,F,59.11902249289317
2024-01-16,10:00:00,4.585892590068586,-74.18324894107926,57.363355122075,160.75945714930776,565.4243419435561,2.4416870863249893,166.6529557661348,27.086317458687823,D,28.148559758364016
2024-01-16,11:00:00,4.6245426102212654,-74.11259633596597,11.679784491790567,99.27155921401159,551.4462902283872,3.1121444915026895,280.5919053285355,12.108063100172032,C,85.78021564831535
2024-01-16,12:00:00,4.640330519396537,-74.03831514243711,84.68479854118091,124.32611141186686,405.56771766516914,2.9117907396394846,153.00688920795253,14.24386953660678,C,52.71713203698983
2024-01-16,13:00:00,4.531697246184315,-74.02832304420717,20.041370988107804,96.522177210154,560.7031251316431,1.6479749252366616,26.03128294633703,25.707545178738705,A,13.308526707996666
2024-01-16,14:00:00,4.5817582657255596,-74.15372539832008,63.095819428587184,137.2256219299478,379.88961218895685,0.9951943651597174,184.12065327407052,15.577765233160456,C,45.07813787985262
2024-01-16,15:00:00,4.550941682101601,-74.07026428508789,148.49391886077612,119.48272289048415,398.37754041794074,1.923966436509488,65.54813889385417,17.629289127856893,B,61.72362888767045
2024-01-16,16:00:00,4.5596876269300335,-74.16441750175795,53.768328473542134,90.37071688298599,480.19733853506125,2.4201184813590473,122.23115365530356,11.629398522512378,B,96.9301862059728
2024-01-16,17:00:00,4.684067893892485,-74.05791406581297,39.59741658263447,158.63173137510458,550.3616903487145,2.35111640013617,121.3944018329894,17.849226488298836,D,63.262814050288334
2024-01-16,18:00:00,4.557796044946147,-74.0316762789272,75.77527051451969,125.82161850001746,591.6303937852459,4.922892778556021,204.62793389522147,15.90711357625219,C,38.71756569739341
2024-01-16,19:00:00,4.570988712545021,-74.02852682261782,66.42707365443013,169.07547300298637,442.4084005406862,4.111657419539493,204.7633047711637,10.448529194759246,D,11.877290507118987
2024-01-16,20:00:00,4.576673509154158,-74.15635608402384,121.1595352964607,151.87495780122083,431.4925512669054,1.1051645128152487,167.76373818014702,20.857935568427166,E,95.35529466610193
2024-01-16,21:00:00,4.6668959823069285,-74.07238870162274,128.82311314390125,64.40220649746303,517.3849273789679,0.5522956123605167,19.477335028198123,17.6045921180268,B,50.7004784267869
2024-01-16,22:00:00,4.617452762943502,-74.15479882580412,108.27256606400093,101.90649386939292,370.53300927342804,1.1023540101949494,274.725562299021,15.167232881613144,B,27.09396646686204
2024-01-16,23:00:00,4.622158191237781,-74.18687183498466,114.58565076852533,165.66139320282576,467.78907104692183,2.9960624331552292,143.1822118602395,16.89937369500791,B,55.42973542583758
2024-01-17,00:00:00,4.679173652939351,-74.00305389195877,41.528863567423116,136.52142221456205,381.7960801030638,2.507240028708683,225.89981565151075,10.75091654800289,B,49.72327652891081
2024-01-17,01:00:00,4.6231768908671755,-74.14993764415034,25.578280148305268,101.34365866623747,577.9351689293773,2.226749926277697,136.2737501632847,16.96723963834915,F,21.792564344949195
2024-01-17,02:00:00,4.627729279211446,-74.12404262697325,114.1426939200068,72.20930270797558,516.1631847124356,2.205550195583897,244.91862664764795,21.85399210634655,F,82.05679196565586
2024-01-17,03:00:00,4.543191305929654,-74.16816885855378,131.64226961713763,148.23994412353102,420.25959921993723,1.1296154442278106,153.17172396273006,17.21152290091284,F,20.86114521819378
2024-01-17,04:00:00,4.63470741704122,-74.02986917941152,103.7945238476684,78.98096224339017,428.86102425496796,4.79339745308007,221.76766029796596,24.62571981258531,A,78.33650161553682
2024-01-17,05:00:00,4.678377807825036,-74.07192443603044,31.87065559845391,171.70842612679152,372.15942208296104,4.812132092253238,272.0073450120138,27.23631363166384,D,70.82137539080577
2024-01-17,06:00:00,4.541495447481587,-74.14426374423424,114.81983576116042,191.8664135298874,467.4405627879746,1.3384354342547242,40.125388372400074,11.373816833851052,E,39.870898013505936
2024-01-17,07:00:00,4.636466789399332,-74.117045852991,100.83978745936278,54.16083097874203,441.32068596782494,0.6969414279733803,262.2406233618086,12.838167750976396,B,23.63491763971025
2024-01-17,08:00:00,4.617119704839699,-74.01993717452412,51.574511359368344,96.40991182102253,479.15959070851926,0.5820588010372565,71.82450981679312,18.663763614808055,C,58.330283065536264
2024-01-17,09:00:00,4.553248107955909,-74.06392440846285,116.60119610578907,134.8689445505741,358.30183590521017,0.7429747499665821,313.6899381188266,21.566788531263064,B,56.72474674491974
2024-01-17,10:00:00,4.680848225844217,-74.05191073934337,97.24179249135649,182.20546618434724,550.5331334826373,3.6277126602872802,352.37153438560335,13.173730180352958,C,45.375947934867895
2024-01-17,11:00:00,4.635798664874295,-74.0206035935376,18.282278470174166,156.49932596070593,553.4289529747733,0.5067750515807441,124.70929749684817,15.308986074851942,F,30.237348010632065
2024-01-17,12:00:00,4.610080532318747,-74.1834397007629,21.59866854837407,44.4234475163831,374.7602414757278,3.3565792640972707,359.1289852348094,18.05452244465079,B,13.912701469219959
2024-01-17,13:00:00,4.604667961170252,-74.19769044303091,71.92273825166097,100.45987818607033,410.0343398191608,3.336594565553176,350.4263931468061,12.956663166792291,C,59.681311575999544
2024-01-17,14:00:00,4.5822889691570765,-74.1788824480066,69.63603276969266,56.4045193777376,448.48860670541694,1.0828451633722032,306.8021796566824,22.161707662783684,E,77.50332108060982
2024-01-17,15:00:00,4.5915483230602065,-74.1011447247393,104.77403492329475,79.34237654886127,414.7641898498076,4.189375244248703,238.6544737955164,22.32937401622275,F,22.977164239437222
2024-01-17,16:00:00,4.603534847874824,-74.11980496334796,104.34519634959027,170.73216650506384,532.1133023281337,4.123394218693495,105.69922390299452,16.316564124478074,A,65.14391647351698
2024-01-17,17:00:00,4.588855711386948,-74.04315730500743,16.968489091969445,109.30294186035485,377.47465859740197,1.8009479649028963,41.42516519371539,29.72950366571864,A,46.031841833860994
2024-01-17,18:00:00,4.5188453460162314,-74.04109425346331,109.38208997851288,164.40430013989908,458.9043606601974,0.7651320519823593,125.4535004624233,27.583614349238715,F,94.3230024295981
2024-01-17,19:00:00,4.654996550779586,-74.13330762116759,121.70966741841602,148.44987330516884,500.7775093408154,2.5566025439788884,323.06033227761327,15.048476646100791,B,63.77446126862847
2024-01-17,20:00:00,4.539879151102167,-74.10651594893078,62.87292602202368,25.142211586609566,411.89095966000184,3.0074159217624796,116.00514527300896,14.932071808649772,F,73.6686052012445
2024-01-17,21:00:00,4.6136956184573545,-74.15776317723314,105.91768116876811,120.58702312736969,465.6962258718447,1.8254090023965657,14.596418284835186,19.595961342346882,F,38.92622860035361
2024-01-17,22:00:00,4.675078306249645,-74.13306348773637,68.56381144704645,156.78587501439682,461.42873054008817,1.364494288568899,70.53873002436292,10.018534987997674,A,91.13059797957186
2024-01-17,23:00:00,4.667489224167424,-74.11792285901454,20.68041989994775,32.339076714463886,498.43578302200126,2.524810578332221,19.8519587459009,18.13514793765774,D,70.93625156984969
2024-01-18,00:00:00,4.639437647058398,-74.15744063528926,113.28428516706747,199.00678561186052,577.7841918483268,3.657413496421451,311.4418581356614,17.86137079029318,B,97.75446971721341
2024-01-18,01:00:00,4.539226085900148,-74.19739644848111,19.03670377650975,80.30741940898193,399.4037905879734,4.815646530024992,95.40071359446792,23.794028155013862,B,98.35373166185789
2024-01-18,02:00:00,4.68548228666019,-74.04266046834381,21.888132183352603,81.4454252459721,463.70942800749117,0.8713929192984105,238.6407412526548,28.006708146766858,A,44.49153367157741
2024-01-18,03:00:00,4.68512329694511,-74.03273615666296,94.09233296979073,68.52271811779572,389.95688882146135,2.4505041107150567,212.38965599303165,15.761154655271184,F,99.0487956910003
2024-01-18,04:00:00,4.6238476470766665,-74.06089699479465,143.14141989817458,155.68270912782674,362.51913372381875,3.3688837929586066,331.471203250464,10.127022431850122,C,40.93118738992432
2024-01-18,05:00:00,4.514557018964426,-74.03195589205899,57.09846396936327,179.78784852010125,522.7902874568599,2.9410522183218895,88.48235906242684,14.28955626749856,A,20.49253193430013
2024-01-18,06:00:00,4.545437924829181,-74.1433538621419,11.992301427762328,58.82644347528321,505.82395702440414,1.8198799976411741,161.07743999432472,18.605324210916873,A,69.85528367938909
2024-01-18,07:00:00,4.654116589747147,-74.01660048877802,22.800251663367852,198.24836259673827,498.96500799872416,4.152509722483771,92.9438022701915,18.721505215321258,C,15.498614640060346
2024-01-18,08:00:00,4.680986704760928,-74.0871267220011,79.63534426405589,48.15951177536361,546.4019095603546,3.546807096744949,246.14128364216293,18.503590794989986,B,15.15374930841636
2024-01-18,09:00:00,4.570244804132439,-74.01531019197478,33.659812424868385,34.59786457530073,475.55403089470593,1.9808038631219467,95.88341604982972,13.182243319920099,B,68.75714020660884
2024-01-18,10:00:00,4.654780772880378,-74.17730143015689,76.31721468110618,51.62519093674997,478.48056250816387,2.731054376998469,290.9342544332781,21.03674872695983,F,19.43553030590197
2024-01-18,11:00:00,4.64510574050743,-74.15779743923821,60.02460613583449,168.38240119786906,375.293673495788,1.256320218141789,171.01452483451982,12.404222472754114,E,83.50666124225974
2024-01-18,12:00:00,4.679009699659647,-74.06827359360116,17.356003782945265,117.34849361679042,585.6447523991549,0.795553539714132,138.54722201367878,29.01411236262378,C,74.68300053154836
2024-01-18,13:00:00,4.67092767651853,-74.09196684494657,70.08594618617863,131.72671604840997,469.9825760936811,4.268302071109802,286.38121653691525,17.005504067683912,F,42.60200944788063
2024-01-18,14:00:00,4.656033182225874,-74.12286243912648,59.38393726346367,171.97891463749067,455.8867580829346,4.406278608771494,84.99410862580704,10.899452811698012,F,26.55878235927191
2024-01-18,15:00:00,4.60773087785455,-74.13355052633496,38.6513245546556,49.96053634673426,599.2062837878696,2.0782121143256744,122.75600727520444,13.11437092493505,A,30.15626829018493
2024-01-18,16:00:00,4.606478678165091,-74.0751520415412,88.19577052067274,51.45516986643183,490.31397512257047,2.5155502481925613,293.5081585612935,22.422408226147105,D,59.62470145209054
2024-01-18,17:00:00,4.612228830888754,-74.05098520308702,44.9480032547704,66.4829912144298,417.32331990940315,3.8524901002588843,141.33386204966214,10.706083642177708,D,34.71390029000982
2024-01-18,18:00:00,4.5775986386461405,-74.19029920206893,39.53687603251353,103.47625658230841,582.8414238097926,3.9746475899422733,143.22481482433471,16.898483169313153,E,82.99909574565339
2024-01-18,19:00:00,4.637521880056357,-74.17765024575797,86.46651203315298,38.995900208408116,490.1511211234,0.705780086253571,318.1508676760939,25.068081896662875,B,97.9020567297645
2024-01-18,20:00:00,4.668014970737054,-74.18470361420306,23.628571457580918,115.26168433957987,383.2052800001659,1.96578215491229,176.43400144345534,19.997383327384263,A,34.67356046885759
2024-01-18,21:00:00,4.547882606703777,-74.05008153029301,90.68810263446089,134.03717205695295,536.3859453803439,0.9160457145646183,293.338882624012,13.014070203411325,C,38.93136371643944
2024-01-18,22:00:00,4.653565482555534,-74.13764333603567,87.07660997597362,167.71337917689004,482.8801738341226,4.748296399937248,186.11652229264448,27.382943605902355,A,11.849355763404608
2024-01-18,23:00:00,4.53569009317864,-74.07223557247373,130.19270806467603,173.3414043823843,591.978269231491,1.587736371481588,238.8967071858839,27.66312849596166,C,43.05458697125637
2024-01-19,00:00:00,4.698719743545629,-74.11462826661642,51.91845744239008,181.94005823989153,589.1743165062089,3.749340598901693,334.75942318370477,28.536014441151405,E,12.80216391845716
2024-01-19,01:00:00,4.632990193893565,-74.1421738729063,38.79640565160976,94.46910836194537,458.7211664986635,3.5393825002045594,203.71371092634334,25.609453727317145,A,36.05971443616387
2024-01-19,02:00:00,4.607833465690343,-74.00257800686525,138.3886038507253,81.03357532455297,399.48127449403546,4.564018465447718,191.71410410674994,17.602699209086786,B,79.07943228590052
2024-01-19,03:00:00,4.567085793005898,-74.09340869368256,141.46775977873594,179.7031887550312,554.5422178395453,2.6059587367466985,159.78804055784764,25.253741088141126,B,29.38047229604016
2024-01-19,04:00:00,4.687656568523585,-74.04710954448943,16.22275512257239,50.3117985339758,546.4578385467407,0.854123830768118,27.235155484374822,23.722333536929412,C,99.22143840848592
2024-01-19,05:00:00,4.619504811949866,-74.03966468225825,125.06847056815515,120.15736037767226,546.4506376526242,1.9946855272213428,200.15993283923208,15.834433693183762,E,52.57461516853492
2024-01-19,06:00:00,4.515639636604071,-74.19408362502814,63.42020237663643,125.87651925407437,514.5148281164068,4.3275459451449,224.18572194992433,28.035750925077377,E,57.3543396739388
2024-01-19,07:00:00,4.590057001670767,-74.09928523015094,13.915287553420088,138.51093166529364,431.82457555881336,2.768380755497765,185.0159923086163,29.396029204782202,D,59.220986118569726
2024-01-19,08:00:00,4.613052746012149,-74.0401264599192,74.4873911745982,144.43571494152778,414.9043979418866,2.0830295176815583,260.33483451203233,16.7893032435302,A,45.214242566334335
2024-01-19,09:00:00,4.638818003195819,-74.10873078377993,53.72235334593569,49.23841817044749,574.6101522380717,1.8239700547934483,341.26901794501885,22.243983242778263,E,37.74712309607787
2024-01-19,10:00:00,4.508518749998743,-74.1033004235511,108.72759384905011,187.29436951114545,512.9467871889303,3.2742658267264866,290.882568890154,22.715434868756233,A,27.463799303749152
2024-01-19,11:00:00,4.549502020701094,-74.19045741753666,63.568244389848566,141.12786019174064,469.1855787669186,3.5411247298420636,328.6962623291837,12.726049496027844,B,88.01098346977719
2024-01-19,12:00:00,4.545221789791343,-74.00529574986241,128.77012503317496,73.5478243077394,378.5405411418078,2.211626967971505,284.6172620101186,24.667011014180837,E,91.01856145916865
2024-01-19,13:00:00,4.699951770948925,-74.13648046832728,32.17350343618633,169.35757511438442,362.1736383028942,3.630106139012706,181.39131506867136,27.35405851031195,C,12.861290009432178
2024-01-19,14:00:00,4.635238778863618,-74.13339024728364,82.9459471243045,144.14217266573075,485.46095645765877,1.3537093249947632,217.2369272343958,10.260053574849765,E,13.578939218108056
2024-01-19,15:00:00,4.697681220303857,-74.15511750240509,91.97353383582981,199.23855970329382,487.0073503818927,3.848424526579461,309.2035390077134,13.750612244637255,C,61.45854586625223
2024-01-19,16:00:00,4.559765985086625,-74.073610549143,40.65815203194493,119.19611016708713,599.93429709829,4.2265932691706105,356.3211068310242,15.129786568973628,C,35.20618673164314
2024-01-19,17:00:00,4.582737033581395,-74.02370088892742,147.04899011473034,87.72389971571393,557.3687600663511,2.3924739975557867,302.27830097296646,27.83368852710552,E,41.64223356638387
2024-01-19,18:00:00,4.670592724363848,-74.01763267916887,61.270028085764245,130.4393431605424,513.0430688134446,4.4006780128605465,334.8467181659541,26.35152591370002,F,93.54825868952867
2024-01-19,19:00:00,4.650892590273669,-74.00973815075876,89.75742695155675,118.4694435959029,589.199774395626,0.9135562050495771,177.00150863197916,12.839473168675077,D,98.49125695593018
2024-01-19,20:00:00,4.562366040607114,-74.06977399868522,107.05337606751237,25.11403580200657,499.17083827353406,2.0146329933525875,70.91132783152912,17.11088509115065,C,21.038567806053216
2024-01-19,21:00:00,4.539328934457363,-74.02992829294801,135.80708417840282,127.92640028723743,562.7915293326828,4.940553276605738,222.4243813484444,23.464909443327453,C,25.732380146798064
2024-01-19,22:00:00,4.6431759686097225,-74.04440110975979,72.62293796174913,176.80011135848298,397.4600153054821,3.8295396536619846,85.509721513324,26.133212880756044,F,78.24849327807381
2024-01-19,23:00:00,4.668380150026774,-74.0432424291724,109.84615689245639,37.3347424279543,397.5214334386257,2.0042612000521687,151.6818205787224,23.059180678019366,B,12.632510680340122
2024-01-20,00:00:00,4.639978317279798,-74.09876274767187,133.3530382523909,51.31509542202116,409.59707529683595,2.1222978180489287,222.93350392510504,12.739160751051914,E,81.18718372294295
2024-01-20,01:00:00,4.684433992674047,-74.16951718776878,22.093808610654655,55.10306017872529,493.61136861165244,3.132776954461085,327.20510620075993,18.668370770103326,F,29.44016390801061
2024-01-20,02:00:00,4.689847279215345,-74.17409753165113,132.78737663205476,89.80533461814817,465.7122173135977,2.915454104713013,12.358409435162399,12.128177630774967,A,49.16388454631491
2024-01-20,03:00:00,4.676242231051996,-74.13650066596978,33.190284777407854,128.86673821621,402.0488719218469,2.2959032811233673,120.88789816765656,26.110323275317665,F,19.034957902565047
2024-01-20,04:00:00,4.544470170047741,-74.11807249967889,51.81448863365142,84.35250126517327,383.12806928378535,0.7431764054338397,63.51416441521603,11.04389140708843,F,85.13680560654515
2024-01-20,05:00:00,4.541836155817371,-74.1423670113561,75.13393265054204,106.7985866856629,351.04359995420646,4.150194473632973,124.2998642761367,12.811258757876331,D,72.38738211003535
2024-01-20,06:00:00,4.563858307804003,-74.08121996344047,60.61072483605914,49.57204212893251,510.52347640114795,2.8570624882151825,26.79444455304337,13.500396625935165,D,66.34077233314156
2024-01-20,07:00:00,4.556754204313722,-74.09561255183745,145.71486698299466,134.34908791786836,475.75595035708994,3.1194408318413696,312.75739292477067,24.012965397476854,E,21.045804931451926
2024-01-20,08:00:00,4.65524445642596,-74.06317446455031,40.409508885896116,192.13348381398015,458.1093602821906,3.6783690998169187,228.34354085013823,13.229744510923751,C,27.095916248525683
2024-01-20,09:00:00,4.62451475431887,-74.15051377031489,121.79954170013973,38.625991778070265,528.1089652062608,2.040147001327052,201.48978244582437,20.28475302757716,F,79.00121087931456
2024-01-20,10:00:00,4.607813840912253,-74.05629430616874,14.184361722756423,27.276532776822044,494.2013652155255,2.023944374560561,151.949799441106,26.40314942336146,D,71.082725742339
2024-01-20,11:00:00,4.577655069700642,-74.10921616663018,17.86168916872475,167.56356098769015,418.58832557478695,4.904751776268754,260.7020692169402,14.511120994103305,F,66.8840779793683
2024-01-20,12:00:00,4.523949922880068,-74.00377559534874,136.07172309539146,132.22295433270477,384.5517232717409,1.446697542465585,147.85992772172122,16.045589172087713,E,28.93471563612647
2024-01-20,13:00:00,4.643601507116477,-74.08492521213654,60.993828615469134,158.03864140597966,515.8487814184573,1.5130695070072795,63.220223829732845,20.026185712400704,A,31.929292833475984
2024-01-20,14:00:00,4.538124115113256,-74.18272166257661,70.71791161228782,159.2439890668269,516.2701366376483,0.9203341575834724,318.48787683434136,13.961106651908041,C,34.97658044826683
2024-01-20,15:00:00,4.559521531639042,-74.02648839007175,12.74351714070667,57.972149534271125,462.3981105264338,1.8276894319128005,342.86523709561,29.095649586274053,B,95.75323083456773
2024-01-20,16:00:00,4.594366995308688,-74.11215237149878,130.75653193158547,78.67942503101654,509.6678542209758,4.0762490475251205,93.17562268749195,24.987709451876388,A,74.7170963141655
2024-01-20,17:00:00,4.514470996575382,-74.05814764406567,13.94784614617236,127.87198536954189,410.99791640035244,2.7660576434620814,212.8642002349086,18.652623464884293,A,50.01962169416043
2024-01-20,18:00:00,4.535767935161995,-74.1612078146232,130.76999400112584,97.74100394094472,378.7066672998698,1.867097481019656,30.729046389236643,13.77126566615344,D,10.008003861869327
2024-01-20,19:00:00,4.628777428231477,-74.14139331610018,84.24286981478983,122.18999512869539,509.079312649408,3.4042178513945194,290.89821277424323,10.734003074531046,C,70.08253522665353
2024-01-20,20:00:00,4.563489139750328,-74.01772055236013,67.27683064393226,21.8108403246154,521.4295921480726,2.398676388604848,160.4552842011311,21.418383418900376,A,75.17406577619033
2024-01-20,21:00:00,4.539832826940396,-74.18878056437889,21.59265681447482,166.37707674016193,369.8994196137291,2.6606226723077153,137.3718249060539,22.454773751753244,E,89.61012869543953
2024-01-20,22:00:00,4.515810090737067,-74.12879000971073,22.92253900869687,42.8245934316827,500.81115708894987,4.700093879074298,69.87991776000675,29.465643377960326,C,31.52281109572914
2024-01-20,23:00:00,4.683052541246033,-74.01211931417721,135.40473264872224,98.49899468846061,482.43730866503995,3.951138014386899,8.700955370361662,13.158329062397435,D,79.69665578429088
2024-01-21,00:00:00,4.629313209680849,-74.02598188150198,76.6144574259579,112.4085076433064,433.99609297013393,1.343794843762716,117.9561574106837,16.952862305007066,E,18.710504601059764
2024-01-21,01:00:00,4.527981755060278,-74.15186088018659,71.87888161238081,99.47140014784317,417.2435287407907,1.4670061581701335,118.64862561231347,23.818858868910745,E,75.04805469237847
2024-01-21,02:00:00,4.518455098228625,-74.16431258165204,53.69282628488846,123.70022420279129,531.9550195489643,0.7070246585654787,290.719866308995,14.751397225645963,C,38.33710394382145
2024-01-21,03:00:00,4.594281626899885,-74.01992636470374,25.323118712538452,169.58877439015524,419.82799653368085,3.1068077603309234,118.0224263014969,10.033371660352511,E,13.760925932589505
2024-01-21,04:00:00,4.571180887464275,-74.16836421056655,136.32788588540652,134.8774344668262,393.2706819119383,2.527412228921509,116.27373392704119,20.331145080210455,D,43.62226251390966
2024-01-21,05:00:00,4.692407835401431,-74.0205648803265,95.77938767727906,173.299394398537,466.4050031733076,1.8031365690167096,27.10301595999958,16.511343540281068,E,29.335922959550047
2024-01-21,06:00:00,4.595531397502233,-74.14842923856797,29.438976464097443,71.25573860414383,465.40090273334243,1.8381918145677383,189.46956955878167,10.721850490434308,A,43.238130253831365
2024-01-21,07:00:00,4.661062498567576,-74.07454549075683,65.73371166699866,124.06305377566414,369.9802722637295,0.6274503707600213,328.0101133951277,18.471222939606093,C,25.887773295568902
2024-01-21,08:00:00,4.600346455096514,-74.11233036310912,58.081869701529754,155.85490843583355,408.5892558350212,1.142934347477997,284.36319990736905,11.396455101047508,F,45.9260721999702
2024-01-21,09:00:00,4.653370686975672,-74.02752747412755,103.23341368759776,145.21753016187802,403.96506235250104,4.046337746905428,258.2872193208734,23.5061688669487,D,87.14669479651212
2024-01-21,10:00:00,4.652842429674706,-74.14542782343784,137.08407041888665,125.62088695357454,575.4414496615801,2.037072106911057,159.73341983557228,15.736957340298689,B,18.796550322446603
2024-01-21,11:00:00,4.6866940806559025,-74.04798826369942,25.634186810276418,115.34301263563417,357.81606375194656,4.539686720810443,287.13350715832007,13.963591069817037,C,71.73941411268487
2024-01-21,12:00:00,4.696012103489961,-74.19316845450246,81.6078757337734,91.0868826266955,392.7142544810979,1.2701657988546944,191.23304357916012,26.02916980182163,D,64.9019115801056
2024-01-21,13:00:00,4.64210118308365,-74.18360674763984,83.24238338139043,185.92369017785884,533.2889069622879,3.4102378102786064,76.93782201026957,29.20669392227393,D,66.00016479101694
2024-01-21,14:00:00,4.6713823402270105,-74.071143004428,75.08024308778485,83.1546406275072,568.4866340502667,3.9136095428123014,65.7891326493777,16.945511613931625,F,38.30770563732039
2024-01-21,15:00:00,4.667316646625392,-74.11748385654153,120.56910082476249,132.34822947122356,516.1548418333426,3.6957694108128933,99.78967655500408,19.12299006665794,F,43.72351273237156
2024-01-21,16:00:00,4.572389533834848,-74.04384918259558,149.80467748714162,45.92046818366222,512.641735157496,1.9698486363300112,130.09164344025018,28.74797262959641,B,47.930662439165836
2024-01-21,17:00:00,4.633086114656462,-74.17831023769298,119.67280534100695,122.00252243111444,507.6593782112046,2.3299783173873427,294.9228817065904,21.929265847882473,E,44.16486910086971
2024-01-21,18:00:00,4.516276740474735,-74.18664033652415,139.39971693992402,59.92142706485021,519.56148796463,3.0305149866559433,110.06096219569217,11.270955434702536,E,76.64204217600242
2024-01-21,19:00:00,4.54994707475511,-74.11637307973048,38.038531153497665,82.15897648893588,528.4102565818155,2.1223142568305384,327.9861742269201,10.735733481778356,E,97.88134869055801
